,Item_Identifier,Item_Weight,Item_Fat_Content,Item_Visibility,Item_Type,Item_MRP,Outlet_Identifier,Outlet_Establishment_Year,Outlet_Size,Outlet_Location_Type,Outlet_Type,Item_Outlet_Sales
9,FDU28,19.2,Regular,0.09444959,Frozen Foods,187.8214,OUT017,2007,,Tier 2,Supermarket Type1,4710.535
25,NCD06,13.0,Low Fat,0.099887103,Household,45.906000000000006,OUT017,2007,,Tier 2,Supermarket Type1,838.908
53,FDA43,10.895,Low Fat,0.065041581,Fruits and Vegetables,196.3794,OUT017,2007,,Tier 2,Supermarket Type1,3121.2704
54,NCP18,12.15,Low Fat,0.028760012999999997,Household,151.4708,OUT017,2007,,Tier 2,Supermarket Type1,4815.0656
73,FDG02,7.855,Low Fat,0.011324862,Canned,189.6188,OUT017,2007,,Tier 2,Supermarket Type1,2285.0256
78,FDL04,19.0,Low Fat,0.11255650699999999,Frozen Foods,104.9622,OUT017,2007,,Tier 2,Supermarket Type1,1587.933
85,FDG20,15.5,Regular,0.12639886,Fruits and Vegetables,177.0028,OUT017,2007,,Tier 2,Supermarket Type1,2479.4392
111,FDS52,8.89,low fat,0.005505481,Frozen Foods,102.4016,OUT017,2007,,Tier 2,Supermarket Type1,2732.4432
116,FDZ16,16.85,Regular,0.160760054,Frozen Foods,192.4478,OUT017,2007,,Tier 2,Supermarket Type1,4843.695
118,DRA12,11.6,Low Fat,0.041177505,Soft Drinks,140.3154,OUT017,2007,,Tier 2,Supermarket Type1,2552.6772
120,NCF19,13.0,Low Fat,0.035307322,Household,47.5034,OUT017,2007,,Tier 2,Supermarket Type1,680.4476
124,FDW11,12.6,Low Fat,0.049058014000000004,Breads,62.7194,OUT017,2007,,Tier 2,Supermarket Type1,866.8716
127,FDV38,19.25,Low Fat,0.102349519,Dairy,52.7956,OUT017,2007,,Tier 2,Supermarket Type1,928.1252
138,FDX44,9.3,Low Fat,0.043209581,Fruits and Vegetables,90.8172,OUT017,2007,,Tier 2,Supermarket Type1,535.3032
141,NCX54,9.195,Low Fat,0.048331717,Household,105.1622,OUT017,2007,,Tier 2,Supermarket Type1,1693.7952
150,DRJ25,14.6,Low Fat,0.151419185,Soft Drinks,50.3692,OUT017,2007,,Tier 2,Supermarket Type1,1034.6532
157,FDN13,18.6,Low Fat,0.152918384,Breakfast,99.8358,OUT017,2007,,Tier 2,Supermarket Type1,1910.1802
158,DRD24,13.85,Low Fat,0.030969273999999998,Soft Drinks,140.9154,OUT017,2007,,Tier 2,Supermarket Type1,1701.7848
165,DRL01,19.5,Regular,0.077608838,Soft Drinks,233.4958,OUT017,2007,,Tier 2,Supermarket Type1,5375.0034
166,FDP25,15.2,Low Fat,0.021327477,Canned,216.8824,OUT017,2007,,Tier 2,Supermarket Type1,2838.9712
171,FDK44,16.6,Low Fat,0.122918852,Fruits and Vegetables,173.0738,OUT017,2007,,Tier 2,Supermarket Type1,3823.0236
212,FDL58,5.78,Regular,0.0,Snack Foods,263.7568,OUT017,2007,,Tier 2,Supermarket Type1,2636.5679999999998
221,FDC60,5.425,Regular,0.115119905,Baking Goods,88.3514,OUT017,2007,,Tier 2,Supermarket Type1,1416.8224
223,FDT25,7.5,Low Fat,0.051038045,Canned,121.7072,OUT017,2007,,Tier 2,Supermarket Type1,3552.7088
241,NCR18,15.85,Low Fat,0.020603511,Household,42.7112,OUT017,2007,,Tier 2,Supermarket Type1,639.168
243,FDY56,16.35,Regular,0.06276442900000001,Fruits and Vegetables,227.6062,OUT017,2007,,Tier 2,Supermarket Type1,7222.5984
249,FDF05,17.5,Low Fat,0.027022882999999998,Frozen Foods,262.491,OUT017,2007,,Tier 2,Supermarket Type1,5259.82
256,FDW13,8.5,Low Fat,0.098438394,Canned,51.1324,OUT017,2007,,Tier 2,Supermarket Type1,259.66200000000003
259,FDS12,9.1,Low Fat,0.175103435,Baking Goods,127.5362,OUT017,2007,,Tier 2,Supermarket Type1,4655.9394
262,FDG28,9.285,Regular,0.049559042000000005,Frozen Foods,246.4144,OUT017,2007,,Tier 2,Supermarket Type1,1225.072
268,FDG59,15.85,Low Fat,0.04347912599999999,Starchy Foods,36.7164,OUT017,2007,,Tier 2,Supermarket Type1,308.9312
277,FDY03,17.6,Regular,0.076552407,Meat,110.5202,OUT017,2007,,Tier 2,Supermarket Type1,450.0808
283,DRE49,20.75,Low Fat,0.021370201000000002,Soft Drinks,153.0024,OUT017,2007,,Tier 2,Supermarket Type1,2277.036
298,FDE33,19.35,Regular,0.049916364000000005,Fruits and Vegetables,80.2644,OUT017,2007,,Tier 2,Supermarket Type1,942.7728
305,DRP47,15.75,Low Fat,0.141398626,Hard Drinks,250.5382,OUT017,2007,,Tier 2,Supermarket Type1,2775.7202
322,DRD13,15.0,Low Fat,0.049357077,Soft Drinks,62.6168,OUT017,2007,,Tier 2,Supermarket Type1,958.752
323,FDC52,11.15,Regular,0.008326735,Dairy,149.9708,OUT017,2007,,Tier 2,Supermarket Type1,1956.1204
338,FDF28,15.7,Regular,0.038078899,Frozen Foods,122.9046,OUT017,2007,,Tier 2,Supermarket Type1,1992.0736
339,FDM01,7.895,reg,0.095102092,Breakfast,104.4332,OUT017,2007,,Tier 2,Supermarket Type1,2870.9296
367,FDS15,9.195,Regular,0.078502143,Meat,108.7596,OUT017,2007,,Tier 2,Supermarket Type1,2588.6304
369,FDL32,15.7,Regular,0.12315965599999999,Fruits and Vegetables,110.1544,OUT017,2007,,Tier 2,Supermarket Type1,1230.3984
383,FDL52,6.635,Regular,0.046350909,Frozen Foods,37.4506,OUT017,2007,,Tier 2,Supermarket Type1,1176.4686
415,FDC15,18.1,LF,0.178975721,Dairy,155.5288,OUT017,2007,,Tier 2,Supermarket Type1,1571.2879999999998
419,NCC06,19.0,Low Fat,0.027139012999999997,Household,127.3336,OUT017,2007,,Tier 2,Supermarket Type1,2940.1728
448,NCV17,18.85,Low Fat,0.01619866,Health and Hygiene,129.2626,OUT017,2007,,Tier 2,Supermarket Type1,3147.9024
461,FDA13,15.85,Low Fat,0.078999287,Canned,38.6506,OUT017,2007,,Tier 2,Supermarket Type1,759.012
463,NCV42,6.26,Low Fat,0.031599715,Household,111.3228,OUT017,2007,,Tier 2,Supermarket Type1,2431.5016
467,FDH16,10.5,Low Fat,0.052852620999999995,Frozen Foods,88.78299999999999,OUT017,2007,,Tier 2,Supermarket Type1,2067.3089999999997
492,NCP42,8.51,Low Fat,0.016201845,Household,195.2478,OUT017,2007,,Tier 2,Supermarket Type1,4262.4516
500,NCK54,12.15,Low Fat,0.0,Household,117.815,OUT017,2007,,Tier 2,Supermarket Type1,2330.3
503,FDC40,16.0,Regular,0.065431917,Dairy,76.1986,OUT017,2007,,Tier 2,Supermarket Type1,1869.5664
507,NCX29,10.0,LF,0.08965681199999999,Health and Hygiene,144.0102,OUT017,2007,,Tier 2,Supermarket Type1,1603.9122
528,FDC08,19.0,Regular,0.10403514800000001,Fruits and Vegetables,227.77200000000002,OUT017,2007,,Tier 2,Supermarket Type1,5206.556
534,FDB53,13.35,Low Fat,0.140241213,Frozen Foods,150.2392,OUT017,2007,,Tier 2,Supermarket Type1,2684.5056
541,FDR60,14.3,Low Fat,0.13115279900000001,Baking Goods,78.6328,OUT017,2007,,Tier 2,Supermarket Type1,231.6984
554,FDT31,19.75,Low Fat,0.012518706999999999,Fruits and Vegetables,190.6872,OUT017,2007,,Tier 2,Supermarket Type1,4916.2672
555,FDJ14,10.3,Regular,0.050353695,Canned,78.696,OUT017,2007,,Tier 2,Supermarket Type1,1757.7120000000002
558,FDU38,10.8,Low Fat,0.083016832,Dairy,193.4504,OUT017,2007,,Tier 2,Supermarket Type1,2876.256
570,FDO22,13.5,Regular,0.017960491999999998,Snack Foods,81.596,OUT017,2007,,Tier 2,Supermarket Type1,639.168
581,FDL25,6.92,Regular,0.131665479,Breakfast,91.8804,OUT017,2007,,Tier 2,Supermarket Type1,275.6412
591,FDG14,9.0,Regular,0.050786366,Canned,152.2024,OUT017,2007,,Tier 2,Supermarket Type1,3643.2576
597,NCQ50,18.75,Low Fat,0.034501405,Household,211.7218,OUT017,2007,,Tier 2,Supermarket Type1,5770.4886
608,NCE07,8.18,Low Fat,0.0132043,Household,143.8154,OUT017,2007,,Tier 2,Supermarket Type1,2694.4926
616,FDX33,9.195,Regular,0.11814937699999999,Snack Foods,160.5578,OUT017,2007,,Tier 2,Supermarket Type1,1283.6624
642,FDL34,16.0,Low Fat,0.041177505,Snack Foods,142.3496,OUT017,2007,,Tier 2,Supermarket Type1,3246.4408
646,NCR38,17.25,Low Fat,0.114160573,Household,253.1724,OUT017,2007,,Tier 2,Supermarket Type1,3775.086
650,FDR20,20.0,Regular,0.028282832,Fruits and Vegetables,46.2744,OUT017,2007,,Tier 2,Supermarket Type1,1086.5856
662,FDJ08,11.1,Low Fat,0.11129811099999999,Fruits and Vegetables,191.7846,OUT017,2007,,Tier 2,Supermarket Type1,3057.3536
673,FDA44,19.7,Low Fat,0.053523765,Fruits and Vegetables,55.393,OUT017,2007,,Tier 2,Supermarket Type1,1471.418
679,FDU50,5.75,Regular,0.075595405,Dairy,114.7176,OUT017,2007,,Tier 2,Supermarket Type1,1259.6936
682,FDT01,13.65,Regular,0.18520944,Canned,212.9902,OUT017,2007,,Tier 2,Supermarket Type1,3185.853
702,NCQ53,17.6,Low Fat,0.019012262,Health and Hygiene,237.15900000000002,OUT017,2007,,Tier 2,Supermarket Type1,3072.667
719,NCN29,15.2,Low Fat,0.012184998999999998,Health and Hygiene,50.3034,OUT017,2007,,Tier 2,Supermarket Type1,145.8102
724,FDU10,10.1,Regular,0.045950475,Snack Foods,38.2848,OUT017,2007,,Tier 2,Supermarket Type1,1230.3984
735,FDY09,15.6,Low Fat,0.025342692000000003,Snack Foods,174.3054,OUT017,2007,,Tier 2,Supermarket Type1,1751.0539999999999
738,FDO34,17.7,Low Fat,0.030108283,Snack Foods,165.9816,OUT017,2007,,Tier 2,Supermarket Type1,4362.3216
740,FDF40,20.25,Regular,0.022639471,Dairy,248.4092,OUT017,2007,,Tier 2,Supermarket Type1,2241.0828
741,FDY02,8.945,Regular,0.0,Dairy,264.791,OUT017,2007,,Tier 2,Supermarket Type1,4733.838
750,FDT59,13.65,Low Fat,0.016001434,Breads,230.6668,OUT017,2007,,Tier 2,Supermarket Type1,1842.9344
772,DRC12,17.85,Low Fat,0.038040837,Soft Drinks,189.1188,OUT017,2007,,Tier 2,Supermarket Type1,3237.1196
792,FDR23,15.85,Low Fat,0.0,Breads,174.737,OUT017,2007,,Tier 2,Supermarket Type1,2822.992
799,FDY22,16.5,Regular,0.16062411599999998,Snack Foods,143.8128,OUT017,2007,,Tier 2,Supermarket Type1,2588.6304
848,FDS49,9.0,Low Fat,0.079794329,Canned,80.1644,OUT017,2007,,Tier 2,Supermarket Type1,1178.4660000000001
860,FDL46,20.35,low fat,0.054362695,Snack Foods,117.9466,OUT017,2007,,Tier 2,Supermarket Type1,1649.8524
865,FDK02,12.5,Low Fat,0.112859454,Canned,118.344,OUT017,2007,,Tier 2,Supermarket Type1,2157.192
868,NCB31,6.235,Low Fat,0.11934562900000001,Household,261.991,OUT017,2007,,Tier 2,Supermarket Type1,2366.919
880,FDW46,13.0,Regular,0.070699313,Snack Foods,65.7484,OUT017,2007,,Tier 2,Supermarket Type1,1174.4712
894,FDJ33,8.895,Regular,0.088821765,Snack Foods,125.17299999999999,OUT017,2007,,Tier 2,Supermarket Type1,2956.152
898,FDR27,15.1,Regular,0.096644015,Meat,131.9942,OUT017,2007,,Tier 2,Supermarket Type1,3047.3666
904,NCV05,10.1,Low Fat,0.030379382000000003,Health and Hygiene,153.4656,OUT017,2007,,Tier 2,Supermarket Type1,1853.5872
907,NCA05,20.75,Low Fat,0.025272781,Health and Hygiene,146.6734,OUT017,2007,,Tier 2,Supermarket Type1,445.4202
942,FDZ39,19.7,Regular,0.018126724,Meat,101.79899999999999,OUT017,2007,,Tier 2,Supermarket Type1,1135.1889999999999
955,FDV07,9.5,Low Fat,0.0,Fruits and Vegetables,110.4228,OUT017,2007,,Tier 2,Supermarket Type1,1547.3192
956,FDR14,11.65,Low Fat,0.175033524,Dairy,55.5298,OUT017,2007,,Tier 2,Supermarket Type1,647.1576
958,FDO13,7.865,Low Fat,0.061405050999999995,Breakfast,166.3526,OUT017,2007,,Tier 2,Supermarket Type1,1973.4312
962,NCL55,12.15,Low Fat,0.06502643400000001,Others,253.704,OUT017,2007,,Tier 2,Supermarket Type1,5060.08
964,FDJ55,12.8,Regular,0.023664054,Meat,226.0404,OUT017,2007,,Tier 2,Supermarket Type1,5400.9696
967,FDT49,7.0,Low Fat,0.152261999,Canned,105.728,OUT017,2007,,Tier 2,Supermarket Type1,1278.336
977,NCC43,7.39,Low Fat,0.09330771300000001,Household,250.9066,OUT017,2007,,Tier 2,Supermarket Type1,1506.0396
993,NCM31,6.095,Low Fat,0.0816559,Others,143.3154,OUT017,2007,,Tier 2,Supermarket Type1,2836.308
997,FDK28,5.695,Low Fat,0.065960909,Frozen Foods,259.2646,OUT017,2007,,Tier 2,Supermarket Type1,9275.9256
1012,FDY58,11.65,Low Fat,0.040144377,Snack Foods,228.9694,OUT017,2007,,Tier 2,Supermarket Type1,6622.7126
1019,FDP28,13.65,Regular,0.081096613,Frozen Foods,261.2936,OUT017,2007,,Tier 2,Supermarket Type1,3131.9232
1050,FDE41,9.195,Regular,0.064376263,Frozen Foods,83.1566,OUT017,2007,,Tier 2,Supermarket Type1,1099.2358
1059,FDA34,11.5,Low Fat,0.014944613999999998,Starchy Foods,171.808,OUT017,2007,,Tier 2,Supermarket Type1,5712.564
1061,DRH23,14.65,Low Fat,0.171281641,Hard Drinks,54.0614,OUT017,2007,,Tier 2,Supermarket Type1,1160.4894
1079,NCF54,18.0,Low Fat,0.047645037,Household,172.6422,OUT017,2007,,Tier 2,Supermarket Type1,2931.5174
1086,NCW42,18.2,LF,0.058799705,Household,220.7456,OUT017,2007,,Tier 2,Supermarket Type1,4420.912
1090,FDI41,18.5,reg,0.062609071,Frozen Foods,148.6418,OUT017,2007,,Tier 2,Supermarket Type1,1765.7016
1102,FDW48,18.0,Low Fat,0.008589133,Baking Goods,81.0618,OUT017,2007,,Tier 2,Supermarket Type1,1450.1124
1110,FDO40,17.1,Low Fat,0.032812668999999996,Frozen Foods,147.1392,OUT017,2007,,Tier 2,Supermarket Type1,2237.0879999999997
1115,NCZ42,10.5,Low Fat,0.011351778,Household,236.5248,OUT017,2007,,Tier 2,Supermarket Type1,4029.4216
1116,NCJ30,5.82,LF,0.081096613,Household,170.37900000000002,OUT017,2007,,Tier 2,Supermarket Type1,1018.674
1125,FDY60,10.5,Regular,0.026520107,Baking Goods,144.8128,OUT017,2007,,Tier 2,Supermarket Type1,2157.192
1137,FDY08,9.395,Regular,0.172042892,Fruits and Vegetables,139.9838,OUT017,2007,,Tier 2,Supermarket Type1,1966.7732
1148,DRA24,19.35,Regular,0.040154087000000005,Soft Drinks,164.6868,OUT017,2007,,Tier 2,Supermarket Type1,1146.5076
1151,FDK43,9.8,Low Fat,0.026992587999999998,Meat,127.302,OUT017,2007,,Tier 2,Supermarket Type1,2277.036
1152,NCM06,7.475,Low Fat,0.076156245,Household,156.4656,OUT017,2007,,Tier 2,Supermarket Type1,2008.0528
1156,NCO43,5.5,Low Fat,0.047364617000000005,Others,100.0016,OUT017,2007,,Tier 2,Supermarket Type1,708.4112
1162,FDU34,18.25,Low Fat,0.07562026200000001,Snack Foods,123.8046,OUT017,2007,,Tier 2,Supermarket Type1,3486.1288
1165,FDP38,10.1,Low Fat,0.032283676000000004,Canned,52.2008,OUT017,2007,,Tier 2,Supermarket Type1,759.012
1167,FDA50,16.25,Low Fat,0.087668236,Dairy,94.941,OUT017,2007,,Tier 2,Supermarket Type1,1737.7379999999998
1189,DRM35,9.695,Low Fat,0.07084301900000001,Hard Drinks,177.7344,OUT017,2007,,Tier 2,Supermarket Type1,1605.9096
1212,FDV01,19.2,Regular,0.0,Canned,153.3314,OUT017,2007,,Tier 2,Supermarket Type1,3257.7594
1213,NCS17,18.6,Low Fat,0.080956792,Health and Hygiene,95.2436,OUT017,2007,,Tier 2,Supermarket Type1,1796.3284
1220,DRJ37,10.8,Low Fat,0.061446997,Soft Drinks,150.4024,OUT017,2007,,Tier 2,Supermarket Type1,2884.2456
1241,DRZ24,7.535,Low Fat,0.082250143,Soft Drinks,118.344,OUT017,2007,,Tier 2,Supermarket Type1,3115.9440000000004
1246,FDP60,17.35,Low Fat,0.056235142,Baking Goods,102.0016,OUT017,2007,,Tier 2,Supermarket Type1,1619.2256
1250,FDJ22,18.75,Low Fat,0.05310896,Snack Foods,193.6504,OUT017,2007,,Tier 2,Supermarket Type1,2876.256
1262,DRF27,8.93,low fat,0.028578012000000003,Dairy,152.234,OUT017,2007,,Tier 2,Supermarket Type1,3828.35
1275,FDH10,21.0,Low Fat,0.049583899,Snack Foods,193.8478,OUT017,2007,,Tier 2,Supermarket Type1,1162.4868
1278,FDN44,13.15,LF,0.022924552,Fruits and Vegetables,157.892,OUT017,2007,,Tier 2,Supermarket Type1,1917.504
1282,DRG51,12.1,Low Fat,0.011604894,Dairy,166.0526,OUT017,2007,,Tier 2,Supermarket Type1,1480.0734
1283,FDZ04,9.31,Low Fat,0.038169783,Frozen Foods,64.551,OUT017,2007,,Tier 2,Supermarket Type1,1581.275
1286,FDB51,6.92,LF,0.038671588,Dairy,64.2852,OUT017,2007,,Tier 2,Supermarket Type1,438.0964
1297,FDT52,9.695,Regular,0.047697859,Frozen Foods,244.6144,OUT017,2007,,Tier 2,Supermarket Type1,2695.1584
1298,FDT04,17.25,Low Fat,0.10764721,Frozen Foods,39.3822,OUT017,2007,,Tier 2,Supermarket Type1,314.2576
1331,NCZ06,19.6,Low Fat,0.094694278,Household,254.9698,OUT017,2007,,Tier 2,Supermarket Type1,2536.698
1360,DRK13,11.8,Low Fat,0.115819014,Soft Drinks,198.3084,OUT017,2007,,Tier 2,Supermarket Type1,4563.3932
1361,FDX36,9.695,Regular,0.129008866,Baking Goods,226.9404,OUT017,2007,,Tier 2,Supermarket Type1,2700.4848
1370,FDL39,16.1,Regular,0.063689583,Dairy,181.9318,OUT017,2007,,Tier 2,Supermarket Type1,5954.2494
1372,FDR55,12.15,reg,0.13283066,Fruits and Vegetables,190.6872,OUT017,2007,,Tier 2,Supermarket Type1,2269.0464
1373,DRI13,15.35,Low Fat,0.020441939,Soft Drinks,216.4508,OUT017,2007,,Tier 2,Supermarket Type1,5426.27
1388,FDW19,12.35,Regular,0.038718195,Fruits and Vegetables,110.65700000000001,OUT017,2007,,Tier 2,Supermarket Type1,2087.283
1412,DRF23,4.61,Low Fat,0.123346085,Hard Drinks,172.5396,OUT017,2007,,Tier 2,Supermarket Type1,3663.2316
1418,FDC39,7.405,Low Fat,0.0,Dairy,205.7296,OUT017,2007,,Tier 2,Supermarket Type1,4570.0512
1419,FDP45,15.7,Regular,0.03079807,Snack Foods,252.9724,OUT017,2007,,Tier 2,Supermarket Type1,3020.0688
1421,FDK38,6.65,Low Fat,0.053591345,Canned,149.7734,OUT017,2007,,Tier 2,Supermarket Type1,2375.5744
1425,FDE59,12.15,Low Fat,0.062640143,Starchy Foods,36.6532,OUT017,2007,,Tier 2,Supermarket Type1,251.6724
1426,FDB04,11.35,Regular,0.06358394,Dairy,89.4856,OUT017,2007,,Tier 2,Supermarket Type1,1142.5128
1428,FDR03,15.7,Regular,0.00878535,Meat,204.998,OUT017,2007,,Tier 2,Supermarket Type1,5366.348000000001
1430,FDC59,16.7,Regular,0.054937907,Starchy Foods,64.2168,OUT017,2007,,Tier 2,Supermarket Type1,1661.8368
1431,DRB13,6.115,Regular,0.007084185,Soft Drinks,191.153,OUT017,2007,,Tier 2,Supermarket Type1,3415.554
1432,NCE54,20.7,Low Fat,0.027052013,Household,73.9354,OUT017,2007,,Tier 2,Supermarket Type1,1655.1788
1451,NCI18,18.35,Low Fat,0.014103353999999999,Household,225.4746,OUT017,2007,,Tier 2,Supermarket Type1,1346.2476
1457,FDT32,19.0,Regular,0.066005186,Fruits and Vegetables,188.4214,OUT017,2007,,Tier 2,Supermarket Type1,2826.321
1475,FDP52,18.7,Regular,0.071091591,Frozen Foods,228.601,OUT017,2007,,Tier 2,Supermarket Type1,4823.721
1494,FDT48,4.92,Low Fat,0.046214970999999994,Baking Goods,199.8084,OUT017,2007,,Tier 2,Supermarket Type1,3968.1679999999997
1497,FDB17,13.15,Low Fat,0.036879538999999996,Frozen Foods,181.3976,OUT017,2007,,Tier 2,Supermarket Type1,3078.6592
1503,FDG38,8.975,Regular,0.053027397999999996,Canned,86.0224,OUT017,2007,,Tier 2,Supermarket Type1,1278.336
1505,FDF52,9.3,Low Fat,0.0,Frozen Foods,182.9292,OUT017,2007,,Tier 2,Supermarket Type1,4013.4424
1513,FDV52,20.7,Regular,0.12220809099999999,Frozen Foods,119.7466,OUT017,2007,,Tier 2,Supermarket Type1,4006.7844
1518,NCY41,16.75,low fat,0.076164013,Health and Hygiene,34.0532,OUT017,2007,,Tier 2,Supermarket Type1,575.2512
1519,FDV22,14.85,Regular,0.009995002,Snack Foods,154.463,OUT017,2007,,Tier 2,Supermarket Type1,3755.112
1525,NCX42,6.36,Low Fat,0.006012413,Household,163.0526,OUT017,2007,,Tier 2,Supermarket Type1,1644.526
1526,FDR24,17.35,Regular,0.06320719799999999,Baking Goods,89.383,OUT017,2007,,Tier 2,Supermarket Type1,1258.362
1527,NCS42,8.6,Low Fat,0.069809115,Household,90.5146,OUT017,2007,,Tier 2,Supermarket Type1,729.7168
1535,FDI33,16.5,Low Fat,0.028579565,Snack Foods,90.3146,OUT017,2007,,Tier 2,Supermarket Type1,2554.0088
1538,FDZ33,10.195,Low Fat,0.10800453199999999,Snack Foods,148.7076,OUT017,2007,,Tier 2,Supermarket Type1,1330.2684
1554,FDG17,6.865,Regular,0.036042938999999996,Frozen Foods,244.4486,OUT017,2007,,Tier 2,Supermarket Type1,4153.9262
1585,FDO50,16.25,low fat,0.0,Canned,89.8804,OUT017,2007,,Tier 2,Supermarket Type1,1102.5648
1624,FDS44,12.65,Regular,0.156926608,Fruits and Vegetables,238.3538,OUT017,2007,,Tier 2,Supermarket Type1,5528.1374
1629,FDE56,17.25,Regular,0.16009590099999998,Fruits and Vegetables,61.5194,OUT017,2007,,Tier 2,Supermarket Type1,1052.6298
1630,FDA40,16.0,Regular,0.09983272800000001,Frozen Foods,87.4856,OUT017,2007,,Tier 2,Supermarket Type1,263.6568
1653,FDO60,20.0,LF,0.034563936,Baking Goods,45.3086,OUT017,2007,,Tier 2,Supermarket Type1,490.6946
1659,NCO02,11.15,Low Fat,0.073783159,Others,66.0142,OUT017,2007,,Tier 2,Supermarket Type1,988.7130000000001
1664,NCO05,7.27,Low Fat,0.046822808,Health and Hygiene,99.3384,OUT017,2007,,Tier 2,Supermarket Type1,2759.0752
1676,FDP39,12.65,Low Fat,0.069817659,Meat,53.5324,OUT017,2007,,Tier 2,Supermarket Type1,830.9184
1684,FDF24,15.5,reg,0.025513973,Baking Goods,83.7934,OUT017,2007,,Tier 2,Supermarket Type1,1474.0812
1686,DRD37,9.8,Low Fat,0.013920031999999999,Soft Drinks,45.006,OUT017,2007,,Tier 2,Supermarket Type1,792.302
1705,FDY38,13.6,Regular,0.11985054099999999,Dairy,234.53,OUT017,2007,,Tier 2,Supermarket Type1,6524.84
1707,FDL03,19.25,Regular,0.027233781000000002,Meat,197.511,OUT017,2007,,Tier 2,Supermarket Type1,982.055
1727,FDR46,16.85,Low Fat,0.0,Snack Foods,146.076,OUT017,2007,,Tier 2,Supermarket Type1,2636.5679999999998
1730,FDY28,7.47,Regular,0.153011599,Frozen Foods,215.2218,OUT017,2007,,Tier 2,Supermarket Type1,3419.5488
1742,NCH07,13.15,Low Fat,0.093191195,Household,158.1604,OUT017,2007,,Tier 2,Supermarket Type1,1426.1436
1744,NCP55,14.65,Low Fat,0.01125332,Others,57.0614,OUT017,2007,,Tier 2,Supermarket Type1,939.4438
1747,FDI48,11.85,Regular,0.056033565,Baking Goods,51.4666,OUT017,2007,,Tier 2,Supermarket Type1,974.0654
1756,NCY18,7.285,Low Fat,0.031327838999999996,Household,174.6054,OUT017,2007,,Tier 2,Supermarket Type1,2976.7918
1760,DRE15,13.35,Low Fat,0.0,Dairy,75.7012,OUT017,2007,,Tier 2,Supermarket Type1,1442.1228
1770,FDX14,13.1,Low Fat,0.075363922,Dairy,73.8354,OUT017,2007,,Tier 2,Supermarket Type1,1956.1204
1777,FDA20,6.78,Low Fat,0.066997921,Fruits and Vegetables,186.524,OUT017,2007,,Tier 2,Supermarket Type1,2609.936
1784,FDM52,15.1,Low Fat,0.026140452,Frozen Foods,149.0076,OUT017,2007,,Tier 2,Supermarket Type1,4138.6128
1786,FDF47,20.85,Low Fat,0.09817040199999999,Starchy Foods,224.0746,OUT017,2007,,Tier 2,Supermarket Type1,2243.746
1811,DRI37,15.85,Low Fat,0.108206497,Soft Drinks,58.3904,OUT017,2007,,Tier 2,Supermarket Type1,468.7232
1820,FDC29,8.39,Regular,0.024342577999999997,Frozen Foods,113.6176,OUT017,2007,,Tier 2,Supermarket Type1,2862.94
1823,NCF42,17.35,Low Fat,0.168329848,Household,176.7712,OUT017,2007,,Tier 2,Supermarket Type1,2812.3392
1825,FDB23,19.2,Regular,0.005620213000000001,Starchy Foods,226.6062,OUT017,2007,,Tier 2,Supermarket Type1,5191.2426
1828,NCM26,20.5,LF,0.023274107000000002,Others,154.134,OUT017,2007,,Tier 2,Supermarket Type1,2909.546
1833,FDD04,16.0,Low Fat,0.090480206,Dairy,142.4154,OUT017,2007,,Tier 2,Supermarket Type1,1985.4156
1850,NCH29,5.51,Low Fat,0.034668802,Health and Hygiene,98.5726,OUT017,2007,,Tier 2,Supermarket Type1,1761.7068
1851,FDV20,20.2,Regular,0.0,Fruits and Vegetables,129.0678,OUT017,2007,,Tier 2,Supermarket Type1,3560.6984
1869,FDA23,9.8,LF,0.047453947,Baking Goods,101.7016,OUT017,2007,,Tier 2,Supermarket Type1,1518.024
1877,FDS55,7.02,Low Fat,0.081623275,Fruits and Vegetables,148.0734,OUT017,2007,,Tier 2,Supermarket Type1,1930.1542
1888,FDS25,6.885,Regular,0.14080050000000002,Canned,111.4228,OUT017,2007,,Tier 2,Supermarket Type1,2984.1156
1890,NCI30,20.25,Low Fat,0.059268885,Household,246.446,OUT017,2007,,Tier 2,Supermarket Type1,3695.19
1901,FDA04,11.3,Regular,0.067107448,Frozen Foods,258.1962,OUT017,2007,,Tier 2,Supermarket Type1,4402.9354
1912,FDP36,10.395,Regular,0.091688111,Baking Goods,49.0008,OUT017,2007,,Tier 2,Supermarket Type1,860.2136
1920,FDH17,16.2,Regular,0.016747538,Frozen Foods,98.6726,OUT017,2007,,Tier 2,Supermarket Type1,1272.3438
1935,DRK01,7.63,Low Fat,0.061409711,Soft Drinks,94.6436,OUT017,2007,,Tier 2,Supermarket Type1,1607.2412
1936,FDD59,10.5,Regular,0.066555152,Starchy Foods,80.896,OUT017,2007,,Tier 2,Supermarket Type1,958.752
1954,FDM08,10.1,Regular,0.053887301,Fruits and Vegetables,225.6088,OUT017,2007,,Tier 2,Supermarket Type1,4250.4672
1974,FDK25,11.6,Regular,0.157718931,Breakfast,168.3474,OUT017,2007,,Tier 2,Supermarket Type1,4548.0798
1975,FDZ38,17.6,Low Fat,0.008046275,Dairy,173.7422,OUT017,2007,,Tier 2,Supermarket Type1,5863.0348
1984,FDF11,10.195,Regular,0.017730951000000002,Starchy Foods,239.8538,OUT017,2007,,Tier 2,Supermarket Type1,4086.0146
1992,FDO23,17.85,Low Fat,0.147255604,Breads,93.7436,OUT017,2007,,Tier 2,Supermarket Type1,1701.7848
2002,FDW56,7.68,Low Fat,0.071301323,Fruits and Vegetables,190.8162,OUT017,2007,,Tier 2,Supermarket Type1,2693.8268
2006,NCL17,7.39,Low Fat,0.068163102,Health and Hygiene,140.4812,OUT017,2007,,Tier 2,Supermarket Type1,2422.1804
2012,FDL36,15.1,Low Fat,0.076505799,Baking Goods,91.583,OUT017,2007,,Tier 2,Supermarket Type1,539.298
2016,FDT40,5.985,Low Fat,0.096337184,Frozen Foods,125.2678,OUT017,2007,,Tier 2,Supermarket Type1,763.0068
2029,FDG56,13.3,Regular,0.071856726,Fruits and Vegetables,63.2536,OUT017,2007,,Tier 2,Supermarket Type1,1347.5792
2030,FDN16,12.6,Regular,0.063054947,Frozen Foods,102.399,OUT017,2007,,Tier 2,Supermarket Type1,2270.3779999999997
2038,NCN14,19.1,Low Fat,0.09243771099999999,Others,185.2608,OUT017,2007,,Tier 2,Supermarket Type1,1470.0864
2044,FDS40,15.35,Low Fat,0.014098693,Frozen Foods,37.219,OUT017,2007,,Tier 2,Supermarket Type1,805.618
2045,FDE36,5.26,Regular,0.042008667,Baking Goods,162.6868,OUT017,2007,,Tier 2,Supermarket Type1,3767.0964
2060,FDY10,17.6,Low Fat,0.049345425,Snack Foods,115.4176,OUT017,2007,,Tier 2,Supermarket Type1,1145.1760000000002
2061,FDI02,15.7,Regular,0.11521312,Canned,112.0202,OUT017,2007,,Tier 2,Supermarket Type1,3150.5656
2066,FDV48,9.195,Regular,0.051908824000000006,Baking Goods,78.1644,OUT017,2007,,Tier 2,Supermarket Type1,1414.1592
2069,NCT54,8.695,Low Fat,0.120211747,Household,93.2094,OUT017,2007,,Tier 2,Supermarket Type1,666.4658
2076,NCO17,10.0,Low Fat,0.073794811,Health and Hygiene,121.444,OUT017,2007,,Tier 2,Supermarket Type1,2516.724
2089,FDM15,11.8,Regular,0.057746382,Meat,152.4366,OUT017,2007,,Tier 2,Supermarket Type1,3929.5516
2097,FDD41,6.765,Regular,0.08775368199999999,Frozen Foods,105.3306,OUT017,2007,,Tier 2,Supermarket Type1,2090.612
2100,FDW51,6.155,Regular,0.095195306,Meat,213.956,OUT017,2007,,Tier 2,Supermarket Type1,2343.616
2110,FDH40,11.6,Regular,0.079376029,Frozen Foods,81.7276,OUT017,2007,,Tier 2,Supermarket Type1,1949.4624
2114,NCR05,10.1,Low Fat,0.054939848,Health and Hygiene,199.5084,OUT017,2007,,Tier 2,Supermarket Type1,3372.9428
2115,DRH25,18.7,Low Fat,0.014675573999999999,Soft Drinks,50.8324,OUT017,2007,,Tier 2,Supermarket Type1,934.7832
2136,FDG40,13.65,Low Fat,0.040049609,Frozen Foods,34.4558,OUT017,2007,,Tier 2,Supermarket Type1,611.2044
2140,DRE03,19.6,Low Fat,0.024363938999999998,Dairy,46.3718,OUT017,2007,,Tier 2,Supermarket Type1,661.8052
2143,FDR36,6.715,reg,0.122274118,Baking Goods,40.3454,OUT017,2007,,Tier 2,Supermarket Type1,838.908
2147,FDQ49,20.2,Regular,0.039469737000000005,Breakfast,155.16299999999998,OUT017,2007,,Tier 2,Supermarket Type1,782.315
2157,NCL41,12.35,Low Fat,0.041973712,Health and Hygiene,35.7216,OUT017,2007,,Tier 2,Supermarket Type1,519.3240000000001
2166,FDW45,18.0,Low Fat,0.039231652,Snack Foods,145.1418,OUT017,2007,,Tier 2,Supermarket Type1,2648.5524
2168,FDB26,14.0,reg,0.031444357,Canned,53.763999999999996,OUT017,2007,,Tier 2,Supermarket Type1,798.96
2174,DRJ24,11.8,Low Fat,0.11397026,Soft Drinks,185.1924,OUT017,2007,,Tier 2,Supermarket Type1,2591.2936
2182,NCF07,9.0,Low Fat,0.032203667000000005,Household,100.8016,OUT017,2007,,Tier 2,Supermarket Type1,1113.2176
2189,DRF60,10.8,Low Fat,0.052363244,Soft Drinks,236.5564,OUT017,2007,,Tier 2,Supermarket Type1,5243.8408
2234,FDL43,10.1,Low Fat,0.027217467999999998,Meat,76.067,OUT017,2007,,Tier 2,Supermarket Type1,1454.773
2235,FDE47,14.15,Low Fat,0.038123176,Starchy Foods,123.5046,OUT017,2007,,Tier 2,Supermarket Type1,1992.0736
2243,FDX20,7.365,Low Fat,0.04280099,Fruits and Vegetables,228.372,OUT017,2007,,Tier 2,Supermarket Type1,2037.348
2245,FDH09,12.6,Low Fat,0.056394770999999996,Seafood,51.3982,OUT017,2007,,Tier 2,Supermarket Type1,473.3838
2248,NCL53,7.5,Low Fat,0.036439877999999995,Health and Hygiene,175.3028,OUT017,2007,,Tier 2,Supermarket Type1,3010.7476
2272,DRC01,5.92,Regular,0.019308607,Soft Drinks,49.0692,OUT017,2007,,Tier 2,Supermarket Type1,1478.076
2273,DRD27,18.75,Low Fat,0.023974769,Dairy,99.0042,OUT017,2007,,Tier 2,Supermarket Type1,694.4294
2281,FDH34,8.63,Low Fat,0.031271134,Snack Foods,186.0582,OUT017,2007,,Tier 2,Supermarket Type1,3900.9222
2285,NCK29,5.615,Low Fat,0.12648042199999998,Health and Hygiene,121.573,OUT017,2007,,Tier 2,Supermarket Type1,3202.498
2289,FDV10,7.645,Regular,0.067083367,Snack Foods,44.0112,OUT017,2007,,Tier 2,Supermarket Type1,596.5568
2296,NCA06,20.5,Low Fat,0.144094079,Household,34.819,OUT017,2007,,Tier 2,Supermarket Type1,1061.951
2306,FDK26,5.46,Regular,0.032359413,Canned,187.424,OUT017,2007,,Tier 2,Supermarket Type1,3169.208
2328,FDY11,6.71,Regular,0.029727657,Baking Goods,66.6142,OUT017,2007,,Tier 2,Supermarket Type1,1120.5414
2339,FDJ27,17.7,Regular,0.12256541300000001,Meat,103.8674,OUT017,2007,,Tier 2,Supermarket Type1,1528.011
2341,NCY29,13.65,Low Fat,0.077670981,Health and Hygiene,55.093,OUT017,2007,,Tier 2,Supermarket Type1,1301.639
2342,FDC21,14.6,Regular,0.043201813,Fruits and Vegetables,110.1254,OUT017,2007,,Tier 2,Supermarket Type1,1844.9318
2343,FDM33,15.6,Low Fat,0.088215871,Snack Foods,220.1798,OUT017,2007,,Tier 2,Supermarket Type1,5068.7354
2351,FDA28,16.1,Regular,0.04807227,Frozen Foods,126.5362,OUT017,2007,,Tier 2,Supermarket Type1,1761.7068
2354,FDA39,6.32,Low Fat,0.012789884,Meat,39.1822,OUT017,2007,,Tier 2,Supermarket Type1,1060.6194
2356,FDQ40,11.1,Regular,0.03623131,Frozen Foods,175.0712,OUT017,2007,,Tier 2,Supermarket Type1,3339.6528
2363,FDS43,11.65,Low Fat,0.040744057,Fruits and Vegetables,185.924,OUT017,2007,,Tier 2,Supermarket Type1,4101.3279999999995
2372,NCX06,17.6,Low Fat,0.015775777,Household,179.1976,OUT017,2007,,Tier 2,Supermarket Type1,3803.0496
2373,FDX49,4.615,Regular,0.102407778,Canned,234.33,OUT017,2007,,Tier 2,Supermarket Type1,3961.51
2382,FDX45,16.75,Low Fat,0.105448901,Snack Foods,156.16299999999998,OUT017,2007,,Tier 2,Supermarket Type1,782.315
2385,FDU24,6.78,Regular,0.140955857,Baking Goods,92.212,OUT017,2007,,Tier 2,Supermarket Type1,4101.3279999999995
2397,FDZ47,20.7,Regular,0.0,Baking Goods,98.7042,OUT017,2007,,Tier 2,Supermarket Type1,1884.8798
2404,FDF56,16.7,Regular,0.120137953,Fruits and Vegetables,181.2976,OUT017,2007,,Tier 2,Supermarket Type1,3078.6592
2409,FDZ35,9.6,Regular,0.022404492999999998,Breads,102.499,OUT017,2007,,Tier 2,Supermarket Type1,2579.975
2410,FDT60,12.0,Low Fat,0.075975642,Baking Goods,124.1388,OUT017,2007,,Tier 2,Supermarket Type1,1486.0656
2413,FDS28,8.18,Regular,0.08286768900000001,Frozen Foods,58.5588,OUT017,2007,,Tier 2,Supermarket Type1,171.7764
2417,FDF17,5.19,Low Fat,0.042861968,Frozen Foods,196.81099999999998,OUT017,2007,,Tier 2,Supermarket Type1,3731.809
2440,FDA27,20.35,Regular,0.031102571000000002,Dairy,257.2672,OUT017,2007,,Tier 2,Supermarket Type1,2045.3376
2468,FDM21,20.2,Low Fat,0.064728148,Snack Foods,258.0646,OUT017,2007,,Tier 2,Supermarket Type1,5668.6212
2485,FDL22,16.85,low fat,0.036596012000000004,Snack Foods,90.6488,OUT017,2007,,Tier 2,Supermarket Type1,633.8416
2490,FDP31,21.1,Regular,0.162418495,Fruits and Vegetables,64.9168,OUT017,2007,,Tier 2,Supermarket Type1,639.168
2510,FDQ08,15.7,Regular,0.01903743,Fruits and Vegetables,60.5536,OUT017,2007,,Tier 2,Supermarket Type1,490.0288
2521,FDW39,6.69,Regular,0.0,Meat,176.937,OUT017,2007,,Tier 2,Supermarket Type1,4234.488
2525,FDZ13,7.84,Regular,0.154363209,Canned,50.835,OUT017,2007,,Tier 2,Supermarket Type1,599.22
2526,FDS16,15.15,Regular,0.066551268,Frozen Foods,144.67600000000002,OUT017,2007,,Tier 2,Supermarket Type1,3954.8520000000003
2535,FDD44,8.05,Regular,0.07884393,Fruits and Vegetables,257.0646,OUT017,2007,,Tier 2,Supermarket Type1,8760.5964
2543,FDO45,13.15,Regular,0.038167453,Snack Foods,89.4856,OUT017,2007,,Tier 2,Supermarket Type1,1230.3984
2554,NCH43,8.42,Low Fat,0.070968081,Household,215.9192,OUT017,2007,,Tier 2,Supermarket Type1,1941.4728
2565,NCN05,8.235,Low Fat,0.014541462,Health and Hygiene,184.495,OUT017,2007,,Tier 2,Supermarket Type1,3844.995
2604,FDT13,14.85,Low Fat,0.01867669,Canned,188.7214,OUT017,2007,,Tier 2,Supermarket Type1,3956.8494
2605,FDU20,19.35,Regular,0.021578923,Fruits and Vegetables,120.5098,OUT017,2007,,Tier 2,Supermarket Type1,1807.6470000000002
2616,DRI01,7.97,Low Fat,0.034647829,Soft Drinks,171.2422,OUT017,2007,,Tier 2,Supermarket Type1,3103.9596
2623,FDP10,19.0,Low Fat,0.128814669,Snack Foods,107.6622,OUT017,2007,,Tier 2,Supermarket Type1,1164.4842
2625,FDH38,6.425,Low Fat,0.010497273,Canned,118.3808,OUT017,2007,,Tier 2,Supermarket Type1,2812.3392
2644,FDO04,16.6,Low Fat,0.0,Frozen Foods,54.6614,OUT017,2007,,Tier 2,Supermarket Type1,884.1824
2646,NCI17,8.645,Low Fat,0.1442339,Health and Hygiene,95.441,OUT017,2007,,Tier 2,Supermarket Type1,3282.3940000000002
2653,FDX26,17.7,Low Fat,0.088305201,Dairy,182.3292,OUT017,2007,,Tier 2,Supermarket Type1,4195.8716
2656,FDT07,5.82,Regular,0.077756427,Fruits and Vegetables,254.533,OUT017,2007,,Tier 2,Supermarket Type1,1281.665
2700,FDB20,7.72,Low Fat,0.052274691,Fruits and Vegetables,79.1986,OUT017,2007,,Tier 2,Supermarket Type1,778.9860000000001
2707,FDZ40,8.935,Low Fat,0.040410039,Frozen Foods,52.9298,OUT017,2007,,Tier 2,Supermarket Type1,539.298
2717,FDZ26,11.6,Regular,0.144832027,Dairy,239.8222,OUT017,2007,,Tier 2,Supermarket Type1,4063.3774
2719,FDU44,12.15,Regular,0.058756205,Fruits and Vegetables,161.0552,OUT017,2007,,Tier 2,Supermarket Type1,3411.5592
2730,FDJ48,11.3,Low Fat,0.056754035999999994,Baking Goods,247.5118,OUT017,2007,,Tier 2,Supermarket Type1,2470.118
2760,FDH27,7.075,Low Fat,0.058676973,Dairy,142.0128,OUT017,2007,,Tier 2,Supermarket Type1,2588.6304
2792,NCQ43,17.75,Low Fat,0.11193119300000001,Others,108.8912,OUT017,2007,,Tier 2,Supermarket Type1,327.5736
2820,FDX55,15.1,Low Fat,0.055518167,Fruits and Vegetables,217.3166,OUT017,2007,,Tier 2,Supermarket Type1,1306.2996
2822,FDZ19,6.425,Low Fat,0.093983518,Fruits and Vegetables,175.5712,OUT017,2007,,Tier 2,Supermarket Type1,1230.3984
2830,NCV53,8.27,Low Fat,0.018920019,Health and Hygiene,238.088,OUT017,2007,,Tier 2,Supermarket Type1,6231.888000000001
2831,FDA35,14.85,Regular,0.054142088,Baking Goods,124.1072,OUT017,2007,,Tier 2,Supermarket Type1,1837.608
2837,FDF45,18.2,Regular,0.012273747,Fruits and Vegetables,60.0904,OUT017,2007,,Tier 2,Supermarket Type1,1113.2176
2843,FDL13,13.85,Regular,0.056637129,Breakfast,233.83,OUT017,2007,,Tier 2,Supermarket Type1,2796.36
2850,FDK04,7.36,Low Fat,0.052607932,Frozen Foods,56.3588,OUT017,2007,,Tier 2,Supermarket Type1,744.3644
2873,NCV41,14.35,Low Fat,0.017135155,Health and Hygiene,109.8228,OUT017,2007,,Tier 2,Supermarket Type1,1657.842
2878,DRC13,8.26,Regular,0.032625074,Soft Drinks,124.67299999999999,OUT017,2007,,Tier 2,Supermarket Type1,1847.595
2885,FDZ52,19.2,Low Fat,0.10064058699999999,Frozen Foods,112.6886,OUT017,2007,,Tier 2,Supermarket Type1,1779.0176
2888,FDM44,12.5,Low Fat,0.031225303,Fruits and Vegetables,102.899,OUT017,2007,,Tier 2,Supermarket Type1,2167.179
2904,FDB35,12.3,Regular,0.06498448700000001,Starchy Foods,92.5804,OUT017,2007,,Tier 2,Supermarket Type1,2297.01
2906,NCA53,11.395,Low Fat,0.009934335,Health and Hygiene,47.2034,OUT017,2007,,Tier 2,Supermarket Type1,340.2238
2907,NCD19,8.93,Low Fat,0.013253936000000001,Household,56.4614,OUT017,2007,,Tier 2,Supermarket Type1,828.921
2911,NCE31,7.67,Low Fat,0.185889129,Household,35.4216,OUT017,2007,,Tier 2,Supermarket Type1,173.108
2915,FDG26,18.85,Low Fat,0.042891097999999996,Canned,257.633,OUT017,2007,,Tier 2,Supermarket Type1,5382.993
2916,FDN34,15.6,Regular,0.046023105,Snack Foods,169.2132,OUT017,2007,,Tier 2,Supermarket Type1,2536.698
2921,NCJ43,6.635,Low Fat,0.027222517,Household,174.0396,OUT017,2007,,Tier 2,Supermarket Type1,2093.2752
2947,FDI12,9.395,Regular,0.10096683699999999,Baking Goods,86.8856,OUT017,2007,,Tier 2,Supermarket Type1,2548.6824
2952,DRJ13,12.65,Low Fat,0.063246037,Soft Drinks,159.2578,OUT017,2007,,Tier 2,Supermarket Type1,2406.867
2956,FDY13,12.1,Low Fat,0.030297819,Canned,74.767,OUT017,2007,,Tier 2,Supermarket Type1,1454.773
2972,DRD49,9.895,Low Fat,0.168780385,Soft Drinks,236.8564,OUT017,2007,,Tier 2,Supermarket Type1,4767.128
2978,FDZ20,16.1,Low Fat,0.034501016,Fruits and Vegetables,255.7356,OUT017,2007,,Tier 2,Supermarket Type1,2543.356
2979,NCK17,11.0,Low Fat,0.038109194,Health and Hygiene,40.948,OUT017,2007,,Tier 2,Supermarket Type1,479.376
2987,NCK42,7.475,Low Fat,0.01319424,Household,217.4192,OUT017,2007,,Tier 2,Supermarket Type1,4314.384
2994,FDO52,11.6,Regular,0.07760107,Frozen Foods,171.0106,OUT017,2007,,Tier 2,Supermarket Type1,3079.9908
2996,FDG12,6.635,Regular,0.00636189,Baking Goods,121.1098,OUT017,2007,,Tier 2,Supermarket Type1,2651.2156
2999,FDI26,5.94,Low Fat,0.035084073,Canned,176.4344,OUT017,2007,,Tier 2,Supermarket Type1,2141.2128
3002,FDV47,17.1,Low Fat,0.054514169,Breads,84.4566,OUT017,2007,,Tier 2,Supermarket Type1,591.8962
3010,FDN02,16.5,Low Fat,0.074245348,Canned,208.2638,OUT017,2007,,Tier 2,Supermarket Type1,4762.4674
3050,FDQ33,13.35,Low Fat,0.09172306599999999,Snack Foods,148.8708,OUT017,2007,,Tier 2,Supermarket Type1,3761.77
3068,FDN24,14.1,low fat,0.11390811699999999,Baking Goods,53.3956,OUT017,2007,,Tier 2,Supermarket Type1,982.7208
3081,FDR26,20.7,Low Fat,0.04307908,Dairy,177.8028,OUT017,2007,,Tier 2,Supermarket Type1,1239.7196
3092,NCQ06,13.0,Low Fat,0.0420611,Household,254.1014,OUT017,2007,,Tier 2,Supermarket Type1,3315.0182
3103,DRN37,9.6,Low Fat,0.096842096,Soft Drinks,166.1158,OUT017,2007,,Tier 2,Supermarket Type1,501.3474
3118,DRJ23,18.35,Low Fat,0.041904578,Hard Drinks,188.1872,OUT017,2007,,Tier 2,Supermarket Type1,4159.9184
3151,NCO30,19.5,Low Fat,0.01581384,Household,183.2608,OUT017,2007,,Tier 2,Supermarket Type1,2940.1728
3173,FDZ22,9.395,Low Fat,0.045525961,Snack Foods,83.425,OUT017,2007,,Tier 2,Supermarket Type1,1498.05
3193,FDP11,15.85,Low Fat,0.069491408,Breads,218.2166,OUT017,2007,,Tier 2,Supermarket Type1,4789.7652
3209,FDZ57,10.0,Regular,0.037977917,Snack Foods,128.6994,OUT017,2007,,Tier 2,Supermarket Type1,642.497
3211,FDF35,15.0,Low Fat,0.154860353,Starchy Foods,106.1938,OUT017,2007,,Tier 2,Supermarket Type1,4073.3644
3239,FDB60,9.3,Low Fat,0.028683422000000004,Baking Goods,195.8136,OUT017,2007,,Tier 2,Supermarket Type1,3693.8584
3243,FDL48,19.35,reg,0.08273175099999999,Baking Goods,49.2034,OUT017,2007,,Tier 2,Supermarket Type1,777.6544
3255,FDI38,13.35,Regular,0.0,Canned,206.9638,OUT017,2007,,Tier 2,Supermarket Type1,7247.233
3263,FDT57,15.2,Low Fat,0.019142452,Snack Foods,237.5248,OUT017,2007,,Tier 2,Supermarket Type1,3318.3472
3290,NCG55,16.25,Low Fat,0.0,Household,115.2176,OUT017,2007,,Tier 2,Supermarket Type1,3206.4928
3291,FDR19,13.5,Regular,0.16062411599999998,Fruits and Vegetables,147.0102,OUT017,2007,,Tier 2,Supermarket Type1,2770.3938
3294,FDR28,13.85,Regular,0.026042966,Frozen Foods,161.221,OUT017,2007,,Tier 2,Supermarket Type1,1794.3310000000001
3303,NCB06,17.6,Low Fat,0.082797778,Health and Hygiene,161.49200000000002,OUT017,2007,,Tier 2,Supermarket Type1,3515.4240000000004
3304,FDR33,7.31,Low Fat,0.026940466,Snack Foods,108.45700000000001,OUT017,2007,,Tier 2,Supermarket Type1,2306.9970000000003
3310,DRL49,13.15,Low Fat,0.05674821,Soft Drinks,144.3812,OUT017,2007,,Tier 2,Supermarket Type1,284.9624
3317,FDG57,14.7,Low Fat,0.072707309,Fruits and Vegetables,49.5034,OUT017,2007,,Tier 2,Supermarket Type1,291.6204
3340,DRK49,14.15,Low Fat,0.036147029,Soft Drinks,39.3138,OUT017,2007,,Tier 2,Supermarket Type1,527.9794
3342,FDZ08,12.5,Regular,0.11061453800000001,Fruits and Vegetables,80.6592,OUT017,2007,,Tier 2,Supermarket Type1,1651.184
3350,FDN46,7.21,Regular,0.0,Snack Foods,103.1332,OUT017,2007,,Tier 2,Supermarket Type1,3281.0624
3357,FDD35,12.15,Low Fat,0.026010729,Starchy Foods,119.14399999999999,OUT017,2007,,Tier 2,Supermarket Type1,2157.192
3370,FDY07,11.8,Low Fat,0.122289654,Fruits and Vegetables,46.3402,OUT017,2007,,Tier 2,Supermarket Type1,275.6412
3373,NCR42,9.105,Low Fat,0.038699553,Household,33.79,OUT017,2007,,Tier 2,Supermarket Type1,199.74
3380,FDX04,19.6,Regular,0.041806702,Frozen Foods,48.8376,OUT017,2007,,Tier 2,Supermarket Type1,527.3136
3381,FDV46,18.2,Low Fat,0.012679191000000001,Snack Foods,139.81799999999998,OUT017,2007,,Tier 2,Supermarket Type1,838.908
3386,FDT37,14.15,Low Fat,0.03546967,Canned,256.3014,OUT017,2007,,Tier 2,Supermarket Type1,4845.0266
3388,FDI53,8.895,Regular,0.13842353,Frozen Foods,163.0236,OUT017,2007,,Tier 2,Supermarket Type1,1127.8652
3394,FDV16,7.75,Regular,0.083399788,Frozen Foods,34.5558,OUT017,2007,,Tier 2,Supermarket Type1,441.4254
3405,FDK36,7.09,Low Fat,0.007256126999999999,Baking Goods,50.4034,OUT017,2007,,Tier 2,Supermarket Type1,340.2238
3406,FDQ23,6.55,Low Fat,0.024664556,Breads,103.3332,OUT017,2007,,Tier 2,Supermarket Type1,2050.6639999999998
3426,NCL29,9.695,Low Fat,0.11458392199999999,Health and Hygiene,156.4604,OUT017,2007,,Tier 2,Supermarket Type1,2535.3664
3427,FDS20,8.85,Low Fat,0.054171606,Fruits and Vegetables,183.9292,OUT017,2007,,Tier 2,Supermarket Type1,2918.8672
3430,FDI44,16.1,Low Fat,0.10079982800000001,Fruits and Vegetables,78.4328,OUT017,2007,,Tier 2,Supermarket Type1,1467.4232
3434,FDT39,6.26,Regular,0.009923732,Meat,152.8366,OUT017,2007,,Tier 2,Supermarket Type1,3778.415
3445,NCH06,12.3,Low Fat,0.076987408,Household,247.946,OUT017,2007,,Tier 2,Supermarket Type1,3202.498
3448,FDS46,17.6,Regular,0.047524635,Snack Foods,118.2782,OUT017,2007,,Tier 2,Supermarket Type1,715.0692
3449,FDM24,6.135,Regular,0.079776075,Baking Goods,152.8366,OUT017,2007,,Tier 2,Supermarket Type1,1964.7758
3460,DRC27,13.8,Low Fat,0.05843112,Dairy,243.6802,OUT017,2007,,Tier 2,Supermarket Type1,1965.4416
3467,FDY12,9.8,Regular,0.141406394,Baking Goods,50.0008,OUT017,2007,,Tier 2,Supermarket Type1,506.00800000000004
3470,FDR48,11.65,Low Fat,0.132248069,Baking Goods,150.5024,OUT017,2007,,Tier 2,Supermarket Type1,3187.8504
3490,NCJ31,19.2,Low Fat,0.183686937,Others,241.8196,OUT017,2007,,Tier 2,Supermarket Type1,1687.1372
3504,FDK09,15.2,Low Fat,0.09228235300000001,Snack Foods,227.2352,OUT017,2007,,Tier 2,Supermarket Type1,4122.6336
3534,FDT11,5.94,Regular,0.029538508999999998,Breads,189.4556,OUT017,2007,,Tier 2,Supermarket Type1,1877.556
3538,FDQ36,7.855,Regular,0.162461219,Baking Goods,39.2848,OUT017,2007,,Tier 2,Supermarket Type1,857.5504
3541,FDT55,13.6,Regular,0.043902087,Fruits and Vegetables,157.0946,OUT017,2007,,Tier 2,Supermarket Type1,5522.811
3548,FDP32,6.65,Low Fat,0.08816538,Fruits and Vegetables,126.8678,OUT017,2007,,Tier 2,Supermarket Type1,1780.3492
3561,FDY33,14.5,Regular,0.097750937,Snack Foods,159.7262,OUT017,2007,,Tier 2,Supermarket Type1,5728.5432
3567,FDR56,15.5,Regular,0.101335811,Fruits and Vegetables,196.5768,OUT017,2007,,Tier 2,Supermarket Type1,3350.3056
3569,FDB34,15.25,Low Fat,0.026760329,Snack Foods,86.0198,OUT017,2007,,Tier 2,Supermarket Type1,2006.0554
3590,FDF21,10.3,Regular,0.059160135,Fruits and Vegetables,191.553,OUT017,2007,,Tier 2,Supermarket Type1,6641.355
3599,NCS30,5.945,Low Fat,0.0,Household,128.9652,OUT017,2007,,Tier 2,Supermarket Type1,1808.3128
3607,FDJ28,12.3,Low Fat,0.021984639,Frozen Foods,191.2162,OUT017,2007,,Tier 2,Supermarket Type1,1924.162
3609,FDC14,14.5,Regular,0.041482394,Canned,40.0454,OUT017,2007,,Tier 2,Supermarket Type1,209.727
3610,FDV44,8.365,Regular,0.040069806,Fruits and Vegetables,190.7188,OUT017,2007,,Tier 2,Supermarket Type1,1904.1879999999999
3611,NCF43,8.51,Low Fat,0.052239735,Household,141.947,OUT017,2007,,Tier 2,Supermarket Type1,2004.058
3619,FDA08,11.85,Regular,0.05036845400000001,Fruits and Vegetables,163.8526,OUT017,2007,,Tier 2,Supermarket Type1,1808.9786
3629,FDP03,5.15,Regular,0.0,Meat,122.9388,OUT017,2007,,Tier 2,Supermarket Type1,2105.2596
3653,FDN04,11.8,Regular,0.014166739,Frozen Foods,178.2344,OUT017,2007,,Tier 2,Supermarket Type1,2854.9504
3663,FDS35,9.3,Low Fat,0.11184963,Breads,64.6826,OUT017,2007,,Tier 2,Supermarket Type1,774.9912
3665,NCK05,20.1,LF,0.077892365,Health and Hygiene,59.3536,OUT017,2007,,Tier 2,Supermarket Type1,918.804
3668,NCR17,9.8,Low Fat,0.024521239,Health and Hygiene,117.5492,OUT017,2007,,Tier 2,Supermarket Type1,1390.1904
3669,NCN54,20.35,Low Fat,0.021447102000000003,Household,76.3328,OUT017,2007,,Tier 2,Supermarket Type1,1312.9576
3676,FDI15,13.8,Low Fat,0.14215211,Dairy,263.5884,OUT017,2007,,Tier 2,Supermarket Type1,2384.8956
3680,FDU39,18.85,Low Fat,0.036241797,Meat,57.3562,OUT017,2007,,Tier 2,Supermarket Type1,1007.3554
3693,NCD07,9.1,LF,0.0,Household,115.4518,OUT017,2007,,Tier 2,Supermarket Type1,2390.8878
3698,FDG29,17.6,Low Fat,0.05661033,Frozen Foods,41.7454,OUT017,2007,,Tier 2,Supermarket Type1,209.727
3700,FDJ38,8.6,Regular,0.040432954,Canned,191.653,OUT017,2007,,Tier 2,Supermarket Type1,3795.06
3716,FDS37,7.655,Low Fat,0.032125561000000004,Canned,115.7492,OUT017,2007,,Tier 2,Supermarket Type1,2548.6824
3736,NCO14,9.6,Low Fat,0.02981155,Household,45.2086,OUT017,2007,,Tier 2,Supermarket Type1,669.1289999999999
3738,FDW52,14.0,Regular,0.037734782,Frozen Foods,166.4526,OUT017,2007,,Tier 2,Supermarket Type1,4769.1254
3739,NCZ30,6.59,Low Fat,0.0,Household,119.1098,OUT017,2007,,Tier 2,Supermarket Type1,964.0784
3744,FDN56,5.46,Regular,0.107662745,Fruits and Vegetables,143.8786,OUT017,2007,,Tier 2,Supermarket Type1,4334.358
3747,FDI08,18.2,Regular,0.06667205799999999,Fruits and Vegetables,248.1092,OUT017,2007,,Tier 2,Supermarket Type1,4233.1564
3751,DRO47,10.195,Low Fat,0.112859454,Hard Drinks,114.486,OUT017,2007,,Tier 2,Supermarket Type1,2490.092
3759,FDS57,15.5,Low Fat,0.0,Snack Foods,141.547,OUT017,2007,,Tier 2,Supermarket Type1,3006.087
3776,FDO46,9.6,Regular,0.0,Snack Foods,191.0872,OUT017,2007,,Tier 2,Supermarket Type1,4349.0056
3785,NCK53,11.6,Low Fat,0.037793818,Health and Hygiene,99.3042,OUT017,2007,,Tier 2,Supermarket Type1,2281.6966
3786,FDJ44,12.3,Regular,0.106928681,Fruits and Vegetables,173.7396,OUT017,2007,,Tier 2,Supermarket Type1,3663.2316
3800,FDC10,9.8,Regular,0.073289899,Snack Foods,120.8098,OUT017,2007,,Tier 2,Supermarket Type1,1325.6078
3814,FDR25,17.0,Regular,0.140311123,Canned,265.6884,OUT017,2007,,Tier 2,Supermarket Type1,2649.884
3816,DRD01,12.1,Regular,0.061521569000000005,Soft Drinks,55.8614,OUT017,2007,,Tier 2,Supermarket Type1,1436.7964
3817,FDG32,19.85,LF,0.176991029,Fruits and Vegetables,221.5772,OUT017,2007,,Tier 2,Supermarket Type1,3558.0352
3840,FDB58,10.5,Regular,0.013572808,Snack Foods,143.2154,OUT017,2007,,Tier 2,Supermarket Type1,1559.9694
3853,FDI40,11.5,Regular,0.126313413,Frozen Foods,100.6358,OUT017,2007,,Tier 2,Supermarket Type1,2010.7160000000001
3858,FDB39,11.6,Low Fat,0.038736837999999996,Dairy,55.8272,OUT017,2007,,Tier 2,Supermarket Type1,1454.1072
3863,NCZ18,7.825,Low Fat,0.0,Household,253.4698,OUT017,2007,,Tier 2,Supermarket Type1,6849.0846
3868,FDO37,8.06,Low Fat,0.021497594,Breakfast,230.3326,OUT017,2007,,Tier 2,Supermarket Type1,1386.1956
3874,FDZ58,17.85,Low Fat,0.052471995,Snack Foods,123.7072,OUT017,2007,,Tier 2,Supermarket Type1,2450.144
3888,FDH28,15.85,Regular,0.110653377,Frozen Foods,36.9506,OUT017,2007,,Tier 2,Supermarket Type1,759.012
3890,NCQ29,12.0,Low Fat,0.0,Health and Hygiene,262.3278,OUT017,2007,,Tier 2,Supermarket Type1,1561.9668
3902,FDT34,9.3,Low Fat,0.17533647100000002,Snack Foods,107.0964,OUT017,2007,,Tier 2,Supermarket Type1,1472.7496
3912,FDD11,12.85,Low Fat,0.030789913999999998,Starchy Foods,254.90400000000002,OUT017,2007,,Tier 2,Supermarket Type1,3036.048
3930,FDT12,6.215,Regular,0.049902382,Baking Goods,225.8062,OUT017,2007,,Tier 2,Supermarket Type1,3159.8868
3947,DRF01,5.655,LF,0.176070535,Soft Drinks,144.0102,OUT017,2007,,Tier 2,Supermarket Type1,1749.7224
3979,FDA32,14.0,LF,0.0,Fruits and Vegetables,216.9192,OUT017,2007,,Tier 2,Supermarket Type1,6471.576
3995,FDK34,13.35,Low Fat,0.038744606,Snack Foods,239.3564,OUT017,2007,,Tier 2,Supermarket Type1,3098.6332
4000,FDH33,12.85,Low Fat,0.12241394,Snack Foods,42.9428,OUT017,2007,,Tier 2,Supermarket Type1,703.0848
4005,FDY25,12.0,Low Fat,0.034166609,Canned,181.2976,OUT017,2007,,Tier 2,Supermarket Type1,5070.7328
4011,FDD05,19.35,Low Fat,0.016705436,Frozen Foods,120.8098,OUT017,2007,,Tier 2,Supermarket Type1,3374.2744
4015,FDS47,16.75,Low Fat,0.12961476,Breads,86.1856,OUT017,2007,,Tier 2,Supermarket Type1,1406.1696
4024,NCN53,5.175,Low Fat,0.030527166,Health and Hygiene,33.5874,OUT017,2007,,Tier 2,Supermarket Type1,635.1732
4037,FDY04,17.7,Regular,0.042716709000000005,Frozen Foods,163.221,OUT017,2007,,Tier 2,Supermarket Type1,1794.3310000000001
4040,NCH55,16.35,Low Fat,0.0,Household,127.902,OUT017,2007,,Tier 2,Supermarket Type1,2150.534
4045,FDX52,11.5,Regular,0.04224015,Frozen Foods,194.982,OUT017,2007,,Tier 2,Supermarket Type1,3089.312
4065,FDT35,19.85,Regular,0.081916124,Breads,167.6816,OUT017,2007,,Tier 2,Supermarket Type1,1845.5976
4072,FDF41,12.15,Low Fat,0.131921819,Frozen Foods,246.34599999999998,OUT017,2007,,Tier 2,Supermarket Type1,739.038
4077,FDP57,17.5,Low Fat,0.052740762999999996,Snack Foods,103.79899999999999,OUT017,2007,,Tier 2,Supermarket Type1,1135.1889999999999
4089,FDH58,12.3,low fat,0.037148619,Snack Foods,116.8834,OUT017,2007,,Tier 2,Supermarket Type1,2649.2182
4094,FDR59,14.5,Regular,0.064224789,Breads,262.7594,OUT017,2007,,Tier 2,Supermarket Type1,7064.8038
4095,FDH35,18.25,Low Fat,0.060589424,Starchy Foods,162.5526,OUT017,2007,,Tier 2,Supermarket Type1,986.7156
4121,FDW37,19.2,Low Fat,0.12475207,Canned,90.9488,OUT017,2007,,Tier 2,Supermarket Type1,633.8416
4124,FDC51,10.895,Regular,0.009676286,Dairy,122.87299999999999,OUT017,2007,,Tier 2,Supermarket Type1,3448.844
4161,DRI23,18.85,Low Fat,0.13797299300000002,Hard Drinks,158.4578,OUT017,2007,,Tier 2,Supermarket Type1,1444.1202
4163,FDY57,20.2,reg,0.12194009900000001,Snack Foods,95.3752,OUT017,2007,,Tier 2,Supermarket Type1,1150.5024
4166,FDC50,15.85,Low Fat,0.13727,Canned,94.4094,OUT017,2007,,Tier 2,Supermarket Type1,1904.1879999999999
4168,FDD50,18.85,Low Fat,0.142443405,Canned,170.4132,OUT017,2007,,Tier 2,Supermarket Type1,4396.9432
4170,FDQ46,7.51,Low Fat,0.104400238,Snack Foods,113.5544,OUT017,2007,,Tier 2,Supermarket Type1,894.8352
4176,FDE02,8.71,Low Fat,0.121936216,Canned,94.4778,OUT017,2007,,Tier 2,Supermarket Type1,2628.5784
4179,FDB08,6.055,Low Fat,0.03127929,Fruits and Vegetables,160.3578,OUT017,2007,,Tier 2,Supermarket Type1,2406.867
4196,FDE53,10.895,Low Fat,0.027032204,Frozen Foods,106.32799999999999,OUT017,2007,,Tier 2,Supermarket Type1,852.2239999999999
4198,FDI34,10.65,Regular,0.08561751699999999,Snack Foods,229.3668,OUT017,2007,,Tier 2,Supermarket Type1,2303.6679999999997
4215,FDL08,10.8,Low Fat,0.050000257,Fruits and Vegetables,243.9144,OUT017,2007,,Tier 2,Supermarket Type1,4655.2736
4220,FDX47,6.55,Regular,0.034800079,Breads,157.5288,OUT017,2007,,Tier 2,Supermarket Type1,1571.2879999999998
4223,NCO26,7.235,Low Fat,0.077290355,Household,116.9492,OUT017,2007,,Tier 2,Supermarket Type1,2316.984
4246,FDQ34,10.85,Low Fat,0.163160327,Snack Foods,107.4622,OUT017,2007,,Tier 2,Supermarket Type1,1693.7952
4250,FDH04,6.115,Regular,0.011437302,Frozen Foods,92.4488,OUT017,2007,,Tier 2,Supermarket Type1,1358.2320000000002
4260,FDS33,6.67,Regular,0.12412675599999999,Snack Foods,88.9514,OUT017,2007,,Tier 2,Supermarket Type1,2125.2336
4264,NCP50,17.35,Low Fat,0.020676141000000002,Others,80.6618,OUT017,2007,,Tier 2,Supermarket Type1,1208.427
4300,FDJ52,7.145,Low Fat,0.017887474,Frozen Foods,160.6578,OUT017,2007,,Tier 2,Supermarket Type1,1765.0358
4301,FDJ56,8.985,Low Fat,0.18444042100000002,Fruits and Vegetables,99.67,OUT017,2007,,Tier 2,Supermarket Type1,3295.71
4302,NCR54,16.35,low fat,0.091074449,Household,196.81099999999998,OUT017,2007,,Tier 2,Supermarket Type1,3338.987
4308,DRM23,16.6,Low Fat,0.136500981,Hard Drinks,173.3422,OUT017,2007,,Tier 2,Supermarket Type1,4138.6128
4313,FDR45,10.8,Low Fat,0.029107004,Snack Foods,240.5222,OUT017,2007,,Tier 2,Supermarket Type1,4541.4218
4327,FDK41,14.3,Low Fat,0.12826315,Frozen Foods,83.4224,OUT017,2007,,Tier 2,Supermarket Type1,681.7792
4330,DRI03,6.03,Low Fat,0.022832115,Dairy,176.7028,OUT017,2007,,Tier 2,Supermarket Type1,1416.8224
4339,DRZ11,8.85,Regular,0.11330222300000001,Soft Drinks,125.1388,OUT017,2007,,Tier 2,Supermarket Type1,1114.5492
4342,NCF30,17.0,Low Fat,0.126958147,Household,125.8362,OUT017,2007,,Tier 2,Supermarket Type1,2516.724
4353,DRC24,17.85,Low Fat,0.024961677,Soft Drinks,153.1998,OUT017,2007,,Tier 2,Supermarket Type1,3383.5956
4398,NCQ17,10.3,LF,0.117593973,Health and Hygiene,154.463,OUT017,2007,,Tier 2,Supermarket Type1,2503.408
4399,FDH44,19.1,Regular,0.026018497,Fruits and Vegetables,148.2418,OUT017,2007,,Tier 2,Supermarket Type1,3089.9778
4402,NCO53,16.2,Low Fat,0.17617540199999998,Health and Hygiene,184.0608,OUT017,2007,,Tier 2,Supermarket Type1,2021.3688
4407,FDZ02,6.905,Regular,0.038363204,Dairy,98.1726,OUT017,2007,,Tier 2,Supermarket Type1,587.2356
4419,FDF14,7.55,Low Fat,0.0273235,Canned,151.934,OUT017,2007,,Tier 2,Supermarket Type1,1837.608
4421,NCL18,18.85,Low Fat,0.168531813,Household,192.5136,OUT017,2007,,Tier 2,Supermarket Type1,2916.204
4458,NCB43,20.2,Low Fat,0.10047746099999999,Household,187.7898,OUT017,2007,,Tier 2,Supermarket Type1,2245.0776
4487,FDU15,13.65,Regular,0.0,Meat,36.6532,OUT017,2007,,Tier 2,Supermarket Type1,755.0172
4496,FDB50,13.0,Low Fat,0.154487495,Canned,77.2986,OUT017,2007,,Tier 2,Supermarket Type1,1246.3776
4500,FDU25,12.35,Low Fat,0.026832182000000003,Canned,57.3246,OUT017,2007,,Tier 2,Supermarket Type1,1332.2658
4501,NCU42,9.0,Low Fat,0.019616991,Household,169.6474,OUT017,2007,,Tier 2,Supermarket Type1,2526.7110000000002
4525,FDE05,10.895,Regular,0.03263762,Frozen Foods,147.7102,OUT017,2007,,Tier 2,Supermarket Type1,1895.5326
4526,DRO35,13.85,LF,0.034765901,Hard Drinks,114.2492,OUT017,2007,,Tier 2,Supermarket Type1,1853.5872
4527,FDN60,15.1,Low Fat,0.09569633400000001,Baking Goods,159.7604,OUT017,2007,,Tier 2,Supermarket Type1,2693.8268
4533,FDW10,21.2,Low Fat,0.071076055,Snack Foods,174.83700000000002,OUT017,2007,,Tier 2,Supermarket Type1,5469.547
4546,FDS19,13.8,Regular,0.06457046,Fruits and Vegetables,76.2012,OUT017,2007,,Tier 2,Supermarket Type1,1669.8264
4548,FDV32,7.785,Low Fat,0.089210159,Fruits and Vegetables,64.251,OUT017,2007,,Tier 2,Supermarket Type1,1328.271
4549,DRI39,13.8,Low Fat,0.097611115,Dairy,54.893,OUT017,2007,,Tier 2,Supermarket Type1,679.1160000000001
4551,NCA29,10.5,Low Fat,0.027430696,Household,171.1106,OUT017,2007,,Tier 2,Supermarket Type1,3593.3226
4557,DRH36,16.2,Low Fat,0.033568871,Soft Drinks,74.9696,OUT017,2007,,Tier 2,Supermarket Type1,2162.5184
4561,FDQ16,19.7,Low Fat,0.041974489000000004,Frozen Foods,108.6912,OUT017,2007,,Tier 2,Supermarket Type1,2183.824
4562,FDG09,20.6,Regular,0.048207430999999995,Fruits and Vegetables,188.0556,OUT017,2007,,Tier 2,Supermarket Type1,2065.3116
4563,DRI59,9.5,Low Fat,0.041065647000000004,Hard Drinks,223.5088,OUT017,2007,,Tier 2,Supermarket Type1,4697.8848
4568,NCH42,6.86,Low Fat,0.03674399,Household,231.201,OUT017,2007,,Tier 2,Supermarket Type1,6201.927
4577,FDJ09,15.0,Low Fat,0.058725134000000005,Snack Foods,43.6744,OUT017,2007,,Tier 2,Supermarket Type1,407.4696
4580,FDV39,11.3,Low Fat,0.007321067,Meat,197.7426,OUT017,2007,,Tier 2,Supermarket Type1,2570.6538
4581,FDY36,12.3,Low Fat,0.009463757,Baking Goods,73.83800000000001,OUT017,2007,,Tier 2,Supermarket Type1,1245.046
4597,FDS10,19.2,Low Fat,0.035384612,Snack Foods,180.3318,OUT017,2007,,Tier 2,Supermarket Type1,3428.2042
4640,FDX35,5.035,Regular,0.080362549,Breads,229.0036,OUT017,2007,,Tier 2,Supermarket Type1,4326.3684
4642,DRG15,6.13,Low Fat,0.077169953,Dairy,63.0536,OUT017,2007,,Tier 2,Supermarket Type1,1225.072
4648,FDA09,13.35,Regular,0.15021128,Snack Foods,179.06599999999997,OUT017,2007,,Tier 2,Supermarket Type1,2696.49
4650,NCE55,8.92,Low Fat,0.130663423,Household,175.237,OUT017,2007,,Tier 2,Supermarket Type1,2117.244
4665,FDH19,19.35,Low Fat,0.033275634,Meat,173.8738,OUT017,2007,,Tier 2,Supermarket Type1,2432.8332
4666,FDW26,11.8,Regular,0.107662745,Dairy,224.1772,OUT017,2007,,Tier 2,Supermarket Type1,2890.9036
4667,FDW35,10.6,Low Fat,0.01115195,Breads,40.6454,OUT017,2007,,Tier 2,Supermarket Type1,167.7816
4673,FDG50,7.405,Low Fat,0.015358176000000001,Canned,92.4146,OUT017,2007,,Tier 2,Supermarket Type1,1459.4336
4675,FDT46,11.35,Low Fat,0.030981392000000003,Snack Foods,51.9008,OUT017,2007,,Tier 2,Supermarket Type1,708.4112
4696,NCD18,16.0,Low Fat,0.073080167,Household,228.4668,OUT017,2007,,Tier 2,Supermarket Type1,2534.0348
4699,FDW43,20.1,Regular,0.022552082999999997,Fruits and Vegetables,226.6036,OUT017,2007,,Tier 2,Supermarket Type1,6831.108
4700,FDU19,8.77,Regular,0.047036035999999996,Fruits and Vegetables,170.5422,OUT017,2007,,Tier 2,Supermarket Type1,2759.0752
4741,FDQ48,14.3,Regular,0.034605882000000004,Baking Goods,95.9726,OUT017,2007,,Tier 2,Supermarket Type1,2153.1972
4752,FDQ51,16.0,Regular,0.0,Meat,48.1718,OUT017,2007,,Tier 2,Supermarket Type1,756.3488
4756,FDV60,20.2,Regular,0.118025091,Baking Goods,195.81099999999998,OUT017,2007,,Tier 2,Supermarket Type1,2553.343
4760,FDU02,13.35,low fat,0.103091351,Dairy,229.9352,OUT017,2007,,Tier 2,Supermarket Type1,2519.3872
4764,FDT03,21.25,Low Fat,0.01005532,Meat,183.1608,OUT017,2007,,Tier 2,Supermarket Type1,2756.4120000000003
4773,FDO12,15.75,Low Fat,0.055241242,Baking Goods,196.5452,OUT017,2007,,Tier 2,Supermarket Type1,3131.9232
4775,FDP16,18.6,Low Fat,0.039517121,Frozen Foods,243.6802,OUT017,2007,,Tier 2,Supermarket Type1,5896.3248
4778,FDT09,15.15,Regular,0.012332667,Snack Foods,130.0284,OUT017,2007,,Tier 2,Supermarket Type1,3559.3668
4781,NCN06,8.39,Low Fat,0.121178848,Household,165.1868,OUT017,2007,,Tier 2,Supermarket Type1,2784.3756
4798,FDH02,7.27,Regular,0.020898691,Canned,92.2488,OUT017,2007,,Tier 2,Supermarket Type1,814.9392
4802,FDS13,6.465,Low Fat,0.125210375,Canned,266.8884,OUT017,2007,,Tier 2,Supermarket Type1,1059.9536
4807,DRK59,8.895,Low Fat,0.075876602,Hard Drinks,235.9616,OUT017,2007,,Tier 2,Supermarket Type1,1874.8928
4836,FDM40,10.195,Low Fat,0.0,Frozen Foods,143.1154,OUT017,2007,,Tier 2,Supermarket Type1,2410.8618
4837,FDE10,6.67,Regular,0.090456903,Snack Foods,131.2626,OUT017,2007,,Tier 2,Supermarket Type1,2098.6016
4855,FDS56,5.785,Regular,0.038976089,Fruits and Vegetables,264.2252,OUT017,2007,,Tier 2,Supermarket Type1,3934.8779999999997
4864,FDE58,18.5,LF,0.0,Snack Foods,119.8124,OUT017,2007,,Tier 2,Supermarket Type1,4029.4216
4907,FDC03,8.575,Regular,0.072252888,Dairy,196.5794,OUT017,2007,,Tier 2,Supermarket Type1,5267.1438
4936,FDT02,12.6,Low Fat,0.024331586000000002,Dairy,34.9874,OUT017,2007,,Tier 2,Supermarket Type1,529.311
4948,NCX30,16.7,Low Fat,0.026771204,Household,246.3776,OUT017,2007,,Tier 2,Supermarket Type1,1981.4208
4950,FDP08,20.5,Regular,0.11304588300000001,Fruits and Vegetables,194.1478,OUT017,2007,,Tier 2,Supermarket Type1,2906.217
4952,FDK45,11.65,Low Fat,0.034049703,Seafood,112.286,OUT017,2007,,Tier 2,Supermarket Type1,452.744
4961,FDK03,12.6,Regular,0.074338562,Dairy,255.5356,OUT017,2007,,Tier 2,Supermarket Type1,9664.7528
4969,FDS02,10.195,Regular,0.146692433,Dairy,194.5794,OUT017,2007,,Tier 2,Supermarket Type1,4096.6674
4980,FDJ21,16.7,Regular,0.03874616,Snack Foods,143.8102,OUT017,2007,,Tier 2,Supermarket Type1,4811.7366
4990,FDE46,18.6,Low Fat,0.015858893,Snack Foods,152.9366,OUT017,2007,,Tier 2,Supermarket Type1,453.4098
5011,DRF37,17.25,Low Fat,0.08480965800000001,Soft Drinks,261.191,OUT017,2007,,Tier 2,Supermarket Type1,3155.8920000000003
5012,FDW44,9.5,Regular,0.035350045,Fruits and Vegetables,169.7448,OUT017,2007,,Tier 2,Supermarket Type1,3579.3408
5024,FDV27,7.97,Regular,0.04021623,Meat,90.4514,OUT017,2007,,Tier 2,Supermarket Type1,1328.271
5040,FDE57,9.6,Low Fat,0.036490369,Fruits and Vegetables,140.8154,OUT017,2007,,Tier 2,Supermarket Type1,1843.6002
5056,FDI05,8.35,Regular,0.127587344,Frozen Foods,76.5354,OUT017,2007,,Tier 2,Supermarket Type1,1805.6496
5060,FDJ12,8.895,Regular,0.039261947,Baking Goods,207.4296,OUT017,2007,,Tier 2,Supermarket Type1,2492.7552
5062,FDX32,15.1,Regular,0.100423086,Fruits and Vegetables,144.7786,OUT017,2007,,Tier 2,Supermarket Type1,2600.6148
5088,FDL16,12.85,Low Fat,0.169405699,Frozen Foods,46.106,OUT017,2007,,Tier 2,Supermarket Type1,792.302
5097,FDI58,7.64,Regular,0.071104408,Snack Foods,95.012,OUT017,2007,,Tier 2,Supermarket Type1,1864.24
5098,FDI56,7.325,Low Fat,0.093913607,Fruits and Vegetables,93.2146,OUT017,2007,,Tier 2,Supermarket Type1,1733.0774
5133,FDW31,11.35,reg,0.043402224,Fruits and Vegetables,197.0742,OUT017,2007,,Tier 2,Supermarket Type1,2587.9646
5142,FDN39,19.35,Regular,0.06589099799999999,Meat,167.0816,OUT017,2007,,Tier 2,Supermarket Type1,1510.0344
5145,FDV36,18.7,Low Fat,0.026450779,Baking Goods,124.902,OUT017,2007,,Tier 2,Supermarket Type1,2909.546
5149,DRD12,6.96,Low Fat,0.077630199,Soft Drinks,90.9146,OUT017,2007,,Tier 2,Supermarket Type1,1459.4336
5167,FDS34,19.35,Regular,0.077193256,Snack Foods,112.7518,OUT017,2007,,Tier 2,Supermarket Type1,683.1108
5173,FDU51,20.2,Regular,0.097059596,Meat,178.6028,OUT017,2007,,Tier 2,Supermarket Type1,2302.3364
5176,FDM13,6.425,Low Fat,0.063532672,Breakfast,133.0626,OUT017,2007,,Tier 2,Supermarket Type1,1442.7886
5182,FDJ02,17.2,Regular,0.025309134,Canned,147.0418,OUT017,2007,,Tier 2,Supermarket Type1,2354.2688
5191,FDC41,15.6,Low Fat,0.117574554,Frozen Foods,75.667,OUT017,2007,,Tier 2,Supermarket Type1,1301.639
5200,FDV15,10.3,Low Fat,0.146999264,Meat,103.7648,OUT017,2007,,Tier 2,Supermarket Type1,2804.3496
5202,FDX10,6.385,reg,0.12441028400000001,Snack Foods,34.3874,OUT017,2007,,Tier 2,Supermarket Type1,388.1614
5204,FDE17,20.1,Regular,0.054763518,Frozen Foods,150.9366,OUT017,2007,,Tier 2,Supermarket Type1,3476.1418
5213,FDF16,7.3,Low Fat,0.086619573,Frozen Foods,147.6076,OUT017,2007,,Tier 2,Supermarket Type1,3251.7672
5215,FDY52,6.365,Low Fat,0.0,Frozen Foods,59.7536,OUT017,2007,,Tier 2,Supermarket Type1,980.0576
5226,FDI52,18.7,Low Fat,0.10527024,Frozen Foods,122.9072,OUT017,2007,,Tier 2,Supermarket Type1,490.0288
5228,FDH52,9.42,Regular,0.044151435,Frozen Foods,61.5194,OUT017,2007,,Tier 2,Supermarket Type1,866.8716
5230,FDF12,8.235,Low Fat,0.0828941,Baking Goods,149.3076,OUT017,2007,,Tier 2,Supermarket Type1,1921.4988
5243,NCT30,9.1,Low Fat,0.08074705900000001,Household,46.9718,OUT017,2007,,Tier 2,Supermarket Type1,850.8924
5257,FDR08,18.7,Low Fat,0.037835765,Fruits and Vegetables,111.1886,OUT017,2007,,Tier 2,Supermarket Type1,2334.9606
5268,DRJ11,9.5,Low Fat,0.0,Hard Drinks,188.9872,OUT017,2007,,Tier 2,Supermarket Type1,1323.6104
5272,NCD54,21.1,Low Fat,0.029173031000000002,Household,145.7786,OUT017,2007,,Tier 2,Supermarket Type1,1444.786
5298,NCP05,19.6,Low Fat,0.025429614,Health and Hygiene,151.7024,OUT017,2007,,Tier 2,Supermarket Type1,2884.2456
5315,DRM37,15.35,Low Fat,0.096943078,Soft Drinks,196.5768,OUT017,2007,,Tier 2,Supermarket Type1,7685.9952
5335,FDV28,16.1,Regular,0.0,Frozen Foods,35.1558,OUT017,2007,,Tier 2,Supermarket Type1,339.55800000000005
5336,NCP53,14.75,Low Fat,0.033076388,Health and Hygiene,237.2906,OUT017,2007,,Tier 2,Supermarket Type1,3089.9778
5340,FDC17,12.15,Low Fat,0.015548178000000001,Frozen Foods,211.2928,OUT017,2007,,Tier 2,Supermarket Type1,5049.4272
5400,DRL37,15.5,Low Fat,0.0,Soft Drinks,41.376999999999995,OUT017,2007,,Tier 2,Supermarket Type1,649.155
5412,FDN20,19.35,Low Fat,0.026329988999999998,Fruits and Vegetables,169.2474,OUT017,2007,,Tier 2,Supermarket Type1,3705.8428
5417,FDF57,14.5,reg,0.059160135,Fruits and Vegetables,170.7448,OUT017,2007,,Tier 2,Supermarket Type1,2045.3376
5433,FDF34,9.3,Regular,0.014098693,Snack Foods,197.7084,OUT017,2007,,Tier 2,Supermarket Type1,3372.9428
5435,NCI29,8.6,Low Fat,0.032806066,Health and Hygiene,143.6154,OUT017,2007,,Tier 2,Supermarket Type1,2127.231
5436,FDU27,18.6,Regular,0.172446822,Meat,47.1376,OUT017,2007,,Tier 2,Supermarket Type1,767.0016
5439,FDA01,15.0,Regular,0.05468583900000001,Canned,60.2904,OUT017,2007,,Tier 2,Supermarket Type1,1581.9408
5447,FDI57,19.85,Low Fat,0.054331235,Seafood,198.7768,OUT017,2007,,Tier 2,Supermarket Type1,4532.7664
5458,FDM45,8.655,Regular,0.088693595,Snack Foods,122.5756,OUT017,2007,,Tier 2,Supermarket Type1,2181.1608
5468,FDO38,17.25,Low Fat,0.07325106,Canned,76.4986,OUT017,2007,,Tier 2,Supermarket Type1,778.9860000000001
5469,FDY45,17.5,Low Fat,0.026289984,Snack Foods,253.7356,OUT017,2007,,Tier 2,Supermarket Type1,3815.034
5474,DRK23,8.395,Low Fat,0.072383777,Hard Drinks,251.50400000000002,OUT017,2007,,Tier 2,Supermarket Type1,7084.111999999999
5478,DRH37,17.6,Low Fat,0.041851756000000004,Soft Drinks,162.7526,OUT017,2007,,Tier 2,Supermarket Type1,3124.5994
5479,DRC36,13.0,Regular,0.045239325999999996,Soft Drinks,174.1054,OUT017,2007,,Tier 2,Supermarket Type1,4377.635
5486,NCK07,10.65,Low Fat,0.04896208,Others,165.8526,OUT017,2007,,Tier 2,Supermarket Type1,3946.8624
5492,FDS45,5.175,Regular,0.029662795,Snack Foods,105.2622,OUT017,2007,,Tier 2,Supermarket Type1,2328.9684
5499,FDE51,5.925,Regular,0.09701298900000001,Dairy,42.9086,OUT017,2007,,Tier 2,Supermarket Type1,758.3462
5505,FDR02,16.7,LF,0.022190487999999998,Dairy,113.1886,OUT017,2007,,Tier 2,Supermarket Type1,3335.658
5512,FDG47,12.8,Low Fat,0.070012633,Starchy Foods,262.8252,OUT017,2007,,Tier 2,Supermarket Type1,2885.5772
5547,FDD34,7.945,Low Fat,0.01596609,Snack Foods,163.52100000000002,OUT017,2007,,Tier 2,Supermarket Type1,1794.3310000000001
5550,DRJ51,14.1,Low Fat,0.08849163,Dairy,231.1668,OUT017,2007,,Tier 2,Supermarket Type1,7602.1044
5554,FDK20,12.6,Regular,0.04179272,Fruits and Vegetables,122.0072,OUT017,2007,,Tier 2,Supermarket Type1,1347.5792
5561,FDE40,15.6,Regular,0.09970455800000001,Dairy,63.1194,OUT017,2007,,Tier 2,Supermarket Type1,1300.3074
5563,FDU11,4.785,Low Fat,0.0931174,Breads,118.6098,OUT017,2007,,Tier 2,Supermarket Type1,361.5294
5576,NCJ05,18.7,Low Fat,0.046348967000000005,Health and Hygiene,153.6682,OUT017,2007,,Tier 2,Supermarket Type1,1677.1502
5577,FDN51,17.85,reg,0.021065311,Meat,261.5936,OUT017,2007,,Tier 2,Supermarket Type1,6002.8528
5579,NCQ30,7.725,Low Fat,0.029236727,Household,123.8414,OUT017,2007,,Tier 2,Supermarket Type1,1340.2554
5591,NCY05,13.5,LF,0.055301055,Health and Hygiene,34.6874,OUT017,2007,,Tier 2,Supermarket Type1,317.5866
5594,FDS32,17.75,Regular,0.029821648,Fruits and Vegetables,139.9838,OUT017,2007,,Tier 2,Supermarket Type1,1123.8704
5607,FDN40,5.88,Low Fat,0.086945823,Frozen Foods,152.9998,OUT017,2007,,Tier 2,Supermarket Type1,3691.1952
5609,DRA59,8.27,Regular,0.0,Soft Drinks,183.2924,OUT017,2007,,Tier 2,Supermarket Type1,2406.2012
5617,FDM36,11.65,Regular,0.059063036,Baking Goods,172.0422,OUT017,2007,,Tier 2,Supermarket Type1,1379.5376
5618,NCQ38,16.35,Low Fat,0.013442036000000001,Others,104.52799999999999,OUT017,2007,,Tier 2,Supermarket Type1,1065.28
5620,FDP33,18.7,LF,0.08977721400000001,Snack Foods,256.4672,OUT017,2007,,Tier 2,Supermarket Type1,5369.0112
5623,FDW34,9.6,Low Fat,0.035780385,Snack Foods,241.317,OUT017,2007,,Tier 2,Supermarket Type1,3645.255
5659,FDX19,19.1,Low Fat,0.097280981,Fruits and Vegetables,232.6958,OUT017,2007,,Tier 2,Supermarket Type1,5375.0034
5669,FDY40,15.5,Regular,0.086320509,Frozen Foods,48.1692,OUT017,2007,,Tier 2,Supermarket Type1,985.3839999999999
5678,FDG58,10.695,Regular,0.087272074,Snack Foods,153.7972,OUT017,2007,,Tier 2,Supermarket Type1,2025.3636
5689,NCO18,13.15,Low Fat,0.024790707000000002,Household,177.5686,OUT017,2007,,Tier 2,Supermarket Type1,3910.9092
5699,FDZ36,6.035,Regular,0.066155883,Baking Goods,184.424,OUT017,2007,,Tier 2,Supermarket Type1,4660.6
5702,FDZ48,17.75,Low Fat,0.07638928099999999,Baking Goods,111.1544,OUT017,2007,,Tier 2,Supermarket Type1,1118.5439999999999
5711,FDL45,15.6,Low Fat,0.037901015,Snack Foods,124.1704,OUT017,2007,,Tier 2,Supermarket Type1,1877.556
5717,NCX17,21.25,Low Fat,0.114246019,Health and Hygiene,231.23,OUT017,2007,,Tier 2,Supermarket Type1,3029.39
5731,FDT58,9.0,Low Fat,0.086440911,Snack Foods,167.0816,OUT017,2007,,Tier 2,Supermarket Type1,1342.2528
5736,FDV50,14.3,Low Fat,0.12326452199999999,Dairy,123.273,OUT017,2007,,Tier 2,Supermarket Type1,1108.557
5747,FDR01,5.405,Regular,0.053924587,Canned,198.2742,OUT017,2007,,Tier 2,Supermarket Type1,4379.6324
5767,FDS07,12.35,Low Fat,0.10032210400000001,Fruits and Vegetables,113.7518,OUT017,2007,,Tier 2,Supermarket Type1,2049.3324
5783,FDR51,9.035,Regular,0.174450933,Meat,151.0708,OUT017,2007,,Tier 2,Supermarket Type1,2708.4744
5822,FDW59,13.15,Low Fat,0.020833091,Breads,86.5566,OUT017,2007,,Tier 2,Supermarket Type1,1860.2452
5830,NCT17,10.8,Low Fat,0.042102658,Health and Hygiene,189.7214,OUT017,2007,,Tier 2,Supermarket Type1,1695.7926
5831,FDZ14,7.71,Regular,0.047857877,Dairy,119.7756,OUT017,2007,,Tier 2,Supermarket Type1,3029.39
5844,NCM17,7.93,Low Fat,0.071538243,Health and Hygiene,44.5086,OUT017,2007,,Tier 2,Supermarket Type1,1249.0408
5846,FDN12,15.6,Low Fat,0.081562686,Baking Goods,112.7544,OUT017,2007,,Tier 2,Supermarket Type1,1118.5439999999999
5855,FDY46,18.6,Low Fat,0.048160824000000005,Snack Foods,188.9898,OUT017,2007,,Tier 2,Supermarket Type1,3554.7062
5877,FDF22,6.865,Low Fat,0.057152139000000005,Snack Foods,211.8218,OUT017,2007,,Tier 2,Supermarket Type1,4915.6014
5886,FDQ28,14.0,Regular,0.060768862,Frozen Foods,154.8656,OUT017,2007,,Tier 2,Supermarket Type1,1390.1904
5893,DRI51,17.25,Low Fat,0.042480566,Dairy,173.4764,OUT017,2007,,Tier 2,Supermarket Type1,2404.8696
5897,FDP01,20.75,Regular,0.063684145,Breakfast,151.7682,OUT017,2007,,Tier 2,Supermarket Type1,1372.2138
5900,FDZ55,6.055,Low Fat,0.025552424,Fruits and Vegetables,158.49200000000002,OUT017,2007,,Tier 2,Supermarket Type1,3994.8
5931,FDX40,12.85,Low Fat,0.099553084,Frozen Foods,40.0164,OUT017,2007,,Tier 2,Supermarket Type1,1312.9576
5956,FDR15,9.3,Regular,0.03362713,Meat,156.1314,OUT017,2007,,Tier 2,Supermarket Type1,620.5256
5962,FDZ21,17.6,Regular,0.039443715,Snack Foods,95.84100000000001,OUT017,2007,,Tier 2,Supermarket Type1,1641.1970000000001
5970,NCA41,16.75,Low Fat,0.032771033,Health and Hygiene,192.3162,OUT017,2007,,Tier 2,Supermarket Type1,2308.9944
5984,NCI43,19.85,Low Fat,0.026115595,Household,49.0376,OUT017,2007,,Tier 2,Supermarket Type1,143.8128
5988,FDS50,17.0,Low Fat,0.055746931,Dairy,220.0114,OUT017,2007,,Tier 2,Supermarket Type1,2217.114
5995,FDB32,20.6,Low Fat,0.023585598,Fruits and Vegetables,94.7778,OUT017,2007,,Tier 2,Supermarket Type1,1314.2892
6004,FDL20,17.1,Low Fat,0.129140919,Fruits and Vegetables,109.4886,OUT017,2007,,Tier 2,Supermarket Type1,1667.829
6023,DRI25,19.6,LF,0.034093202999999996,Soft Drinks,56.6614,OUT017,2007,,Tier 2,Supermarket Type1,1492.0578
6061,FDZ46,7.485,Low Fat,0.069514712,Snack Foods,108.7228,OUT017,2007,,Tier 2,Supermarket Type1,1326.2736
6086,FDG08,13.15,Regular,0.0,Fruits and Vegetables,171.9764,OUT017,2007,,Tier 2,Supermarket Type1,2404.8696
6088,FDG45,8.1,Low Fat,0.128760294,Fruits and Vegetables,213.7902,OUT017,2007,,Tier 2,Supermarket Type1,5946.9256
6096,FDJ07,7.26,Low Fat,0.014505108000000001,Meat,118.415,OUT017,2007,,Tier 2,Supermarket Type1,1747.725
6110,FDR52,12.65,Regular,0.07647472799999999,Frozen Foods,191.8846,OUT017,2007,,Tier 2,Supermarket Type1,1146.5076
6111,FDU26,16.7,Regular,0.042860025999999996,Dairy,120.3782,OUT017,2007,,Tier 2,Supermarket Type1,1668.4948
6112,FDG33,5.365,Regular,0.141033536,Seafood,173.6764,OUT017,2007,,Tier 2,Supermarket Type1,858.882
6123,FDD09,13.5,low fat,0.021617996,Fruits and Vegetables,179.6976,OUT017,2007,,Tier 2,Supermarket Type1,1810.976
6124,FDW07,18.0,Regular,0.14349595199999998,Fruits and Vegetables,88.7514,OUT017,2007,,Tier 2,Supermarket Type1,1062.6168
6127,FDA10,20.35,Low Fat,0.14261818199999998,Snack Foods,123.2072,OUT017,2007,,Tier 2,Supermarket Type1,1225.072
6131,FDE24,14.85,Low Fat,0.093991286,Baking Goods,140.9812,OUT017,2007,,Tier 2,Supermarket Type1,3277.0676
6142,FDG24,7.975,LF,0.014713908999999999,Baking Goods,83.125,OUT017,2007,,Tier 2,Supermarket Type1,2579.975
6147,FDR10,17.6,LF,0.010096684,Snack Foods,160.4552,OUT017,2007,,Tier 2,Supermarket Type1,2599.2832
6164,NCL31,7.39,Low Fat,0.120961347,Others,143.847,OUT017,2007,,Tier 2,Supermarket Type1,4866.998
6171,FDE20,11.35,Regular,0.005561798000000001,Fruits and Vegetables,168.37900000000002,OUT017,2007,,Tier 2,Supermarket Type1,3225.801
6173,FDH60,19.7,Regular,0.081193712,Baking Goods,198.41099999999997,OUT017,2007,,Tier 2,Supermarket Type1,2553.343
6175,FDU13,8.355,Low Fat,0.188619537,Canned,146.4418,OUT017,2007,,Tier 2,Supermarket Type1,3089.9778
6187,FDB29,16.7,Regular,0.052708138,Frozen Foods,114.7176,OUT017,2007,,Tier 2,Supermarket Type1,2404.8696
6190,NCC18,19.1,Low Fat,0.17827272800000002,Household,172.4422,OUT017,2007,,Tier 2,Supermarket Type1,1551.9798
6192,FDF26,6.825,Regular,0.046898544,Canned,153.7998,OUT017,2007,,Tier 2,Supermarket Type1,922.7988
6194,FDR04,7.075,Low Fat,0.022694622999999997,Frozen Foods,98.8068,OUT017,2007,,Tier 2,Supermarket Type1,2527.3768
6195,NCP06,20.7,Low Fat,0.039467795,Household,151.7366,OUT017,2007,,Tier 2,Supermarket Type1,604.5464
6226,FDI22,12.6,Low Fat,0.096756649,Snack Foods,208.7612,OUT017,2007,,Tier 2,Supermarket Type1,5226.53
6227,FDZ50,12.8,Regular,0.079523619,Dairy,181.7608,OUT017,2007,,Tier 2,Supermarket Type1,4961.5416
6228,FDS14,7.285,Low Fat,0.0,Dairy,155.1288,OUT017,2007,,Tier 2,Supermarket Type1,1414.1592
6229,NCN19,13.1,Low Fat,0.012167988000000001,Others,190.253,OUT017,2007,,Tier 2,Supermarket Type1,4174.566
6231,FDS04,10.195,Regular,0.147492524,Frozen Foods,141.5838,OUT017,2007,,Tier 2,Supermarket Type1,1685.8056
6259,FDC46,17.7,Low Fat,0.117201696,Snack Foods,184.0266,OUT017,2007,,Tier 2,Supermarket Type1,2397.5458
6273,NCO54,19.5,Low Fat,0.014355033,Household,55.4614,OUT017,2007,,Tier 2,Supermarket Type1,552.614
6275,FDK27,11.0,Low Fat,0.008997141,Meat,119.9756,OUT017,2007,,Tier 2,Supermarket Type1,1938.8096
6280,FDD17,7.5,Low Fat,0.032811503,Frozen Foods,239.6906,OUT017,2007,,Tier 2,Supermarket Type1,2614.5966
6283,FDL50,12.15,Regular,0.042552418,Canned,123.5046,OUT017,2007,,Tier 2,Supermarket Type1,1743.0644
6284,FDO21,11.6,Regular,0.009818244,Snack Foods,223.1404,OUT017,2007,,Tier 2,Supermarket Type1,5175.9292
6313,FDX60,14.35,Low Fat,0.081050006,Baking Goods,79.196,OUT017,2007,,Tier 2,Supermarket Type1,1278.336
6314,FDZ28,20.0,Regular,0.051783761,Frozen Foods,125.8678,OUT017,2007,,Tier 2,Supermarket Type1,3433.5306
6322,FDN08,7.72,Regular,0.088864488,Fruits and Vegetables,119.3466,OUT017,2007,,Tier 2,Supermarket Type1,3064.0116
6330,DRH39,20.7,Low Fat,0.093214498,Dairy,74.667,OUT017,2007,,Tier 2,Supermarket Type1,2143.876
6336,NCP14,8.275,Low Fat,0.110913601,Household,106.3306,OUT017,2007,,Tier 2,Supermarket Type1,1254.3672
6343,NCM07,9.395,Low Fat,0.040187877000000004,Others,85.6908,OUT017,2007,,Tier 2,Supermarket Type1,1593.9252
6359,FDW57,8.31,Regular,0.116331694,Snack Foods,176.9028,OUT017,2007,,Tier 2,Supermarket Type1,3010.7476
6364,FDQ52,17.0,Low Fat,0.12006027400000001,Frozen Foods,246.5434,OUT017,2007,,Tier 2,Supermarket Type1,4470.1812
6369,FDO08,11.1,Regular,0.054079555999999994,Fruits and Vegetables,165.9526,OUT017,2007,,Tier 2,Supermarket Type1,2631.2416
6372,FDT08,13.65,Low Fat,0.049496899000000004,Fruits and Vegetables,151.505,OUT017,2007,,Tier 2,Supermarket Type1,2846.295
6379,FDM58,16.85,Regular,0.080141165,Snack Foods,111.4544,OUT017,2007,,Tier 2,Supermarket Type1,2013.3792
6388,FDT43,16.35,Low Fat,0.020664178000000002,Fruits and Vegetables,50.8324,OUT017,2007,,Tier 2,Supermarket Type1,1298.31
6397,FDD03,13.3,Low Fat,0.080257683,Dairy,232.63,OUT017,2007,,Tier 2,Supermarket Type1,1864.24
6405,FDZ15,13.1,Low Fat,0.020988798,Dairy,117.7782,OUT017,2007,,Tier 2,Supermarket Type1,1191.782
6408,NCV06,11.3,Low Fat,0.06705851,Household,194.0478,OUT017,2007,,Tier 2,Supermarket Type1,3293.7126
6422,NCM42,6.13,Low Fat,0.02848169,Household,110.4912,OUT017,2007,,Tier 2,Supermarket Type1,1310.2944
6428,DRG13,17.25,Low Fat,0.037396492,Soft Drinks,165.6526,OUT017,2007,,Tier 2,Supermarket Type1,1808.9786
6441,FDN28,5.88,Regular,0.030418998,Frozen Foods,103.09899999999999,OUT017,2007,,Tier 2,Supermarket Type1,1341.5870000000002
6463,FDK10,5.785,Regular,0.040587146,Snack Foods,180.36599999999999,OUT017,2007,,Tier 2,Supermarket Type1,1258.362
6465,FDY15,18.25,Regular,0.17179432,Dairy,154.66299999999998,OUT017,2007,,Tier 2,Supermarket Type1,2659.8709999999996
6477,FDR21,19.7,Low Fat,0.067314073,Snack Foods,175.137,OUT017,2007,,Tier 2,Supermarket Type1,2822.992
6496,FDF59,12.5,Low Fat,0.0,Starchy Foods,127.102,OUT017,2007,,Tier 2,Supermarket Type1,253.00400000000002
6497,DRM49,6.11,Regular,0.152813518,Soft Drinks,45.6086,OUT017,2007,,Tier 2,Supermarket Type1,1025.9978
6500,FDV12,16.7,Regular,0.06121901,Baking Goods,100.0384,OUT017,2007,,Tier 2,Supermarket Type1,1970.7679999999998
6501,FDH14,17.1,Regular,0.047073322,Canned,138.6838,OUT017,2007,,Tier 2,Supermarket Type1,2950.1598
6502,FDQ20,8.325,Low Fat,0.029953313999999998,Fruits and Vegetables,39.5138,OUT017,2007,,Tier 2,Supermarket Type1,568.5932
6506,FDD29,12.15,Low Fat,0.018514652,Frozen Foods,252.7698,OUT017,2007,,Tier 2,Supermarket Type1,5834.4054
6542,FDU48,18.85,Low Fat,0.055671582000000004,Baking Goods,133.3284,OUT017,2007,,Tier 2,Supermarket Type1,263.6568
6548,FDC20,10.65,Low Fat,0.024107056,Fruits and Vegetables,56.6272,OUT017,2007,,Tier 2,Supermarket Type1,447.4176
6549,FDF02,16.2,Low Fat,0.104058452,Canned,102.499,OUT017,2007,,Tier 2,Supermarket Type1,2063.98
6555,FDV43,16.0,Low Fat,0.077290355,Fruits and Vegetables,44.5086,OUT017,2007,,Tier 2,Supermarket Type1,713.7376
6558,FDP56,8.185,Low Fat,0.046747070999999994,Fruits and Vegetables,49.9692,OUT017,2007,,Tier 2,Supermarket Type1,837.5764
6561,FDR12,12.6,Regular,0.031713126,Baking Goods,172.5764,OUT017,2007,,Tier 2,Supermarket Type1,1030.6584
6564,FDV19,14.85,Regular,0.035456465,Fruits and Vegetables,162.2578,OUT017,2007,,Tier 2,Supermarket Type1,3690.5294
6572,NCB42,11.8,LF,0.008609602,Health and Hygiene,114.8492,OUT017,2007,,Tier 2,Supermarket Type1,1390.1904
6577,NCR41,17.85,Low Fat,0.018125948,Health and Hygiene,94.9094,OUT017,2007,,Tier 2,Supermarket Type1,761.6752
6578,FDX23,6.445,Low Fat,0.029859711,Baking Goods,94.1436,OUT017,2007,,Tier 2,Supermarket Type1,1418.154
6586,FDD57,18.1,Low Fat,0.022526293,Fruits and Vegetables,95.0094,OUT017,2007,,Tier 2,Supermarket Type1,1713.7692
6589,FDJ34,11.8,Regular,0.09418548300000001,Snack Foods,126.2704,OUT017,2007,,Tier 2,Supermarket Type1,2002.7264
6599,FDE16,8.895,Low Fat,0.026492726,Frozen Foods,208.4954,OUT017,2007,,Tier 2,Supermarket Type1,6251.861999999999
6607,FDI07,12.35,Regular,0.033951827000000004,Meat,197.2426,OUT017,2007,,Tier 2,Supermarket Type1,2966.139
6614,FDM60,10.8,Regular,0.0,Baking Goods,40.7138,OUT017,2007,,Tier 2,Supermarket Type1,406.13800000000003
6621,NCU18,15.1,Low Fat,0.056155909000000004,Household,140.5496,OUT017,2007,,Tier 2,Supermarket Type1,2681.8424
6624,NCL54,12.6,Low Fat,0.083221904,Household,174.5054,OUT017,2007,,Tier 2,Supermarket Type1,2626.5809999999997
6637,FDU03,18.7,Regular,0.09209592400000001,Meat,183.3292,OUT017,2007,,Tier 2,Supermarket Type1,2006.7212
6643,DRF13,12.1,Low Fat,0.029949818,Soft Drinks,146.3444,OUT017,2007,,Tier 2,Supermarket Type1,3773.7544
6694,FDX50,20.1,Low Fat,0.075049323,Dairy,110.4228,OUT017,2007,,Tier 2,Supermarket Type1,1105.228
6721,FDB36,5.465,Regular,0.048801674,Baking Goods,132.1626,OUT017,2007,,Tier 2,Supermarket Type1,1573.9512
6727,FDP24,20.6,Low Fat,0.083473583,Baking Goods,120.8756,OUT017,2007,,Tier 2,Supermarket Type1,1211.756
6744,NCZ41,19.85,Low Fat,0.06478563,Health and Hygiene,123.7704,OUT017,2007,,Tier 2,Supermarket Type1,2503.408
6746,FDP37,15.6,Low Fat,0.143915417,Breakfast,127.5994,OUT017,2007,,Tier 2,Supermarket Type1,2441.4886
6757,FDJ60,19.35,Regular,0.062882112,Baking Goods,164.1184,OUT017,2007,,Tier 2,Supermarket Type1,2807.0128
6781,FDI27,8.71,Regular,0.0,Dairy,43.5744,OUT017,2007,,Tier 2,Supermarket Type1,498.0184
6782,FDN22,18.85,Regular,0.13908768300000002,Snack Foods,251.7724,OUT017,2007,,Tier 2,Supermarket Type1,3020.0688
6790,FDM51,11.8,Regular,0.026072872,Meat,99.8674,OUT017,2007,,Tier 2,Supermarket Type1,1018.674
6792,NCD31,12.1,LF,0.015521768,Household,165.8526,OUT017,2007,,Tier 2,Supermarket Type1,3124.5994
6802,FDO10,13.65,Regular,0.012823828999999998,Snack Foods,55.5588,OUT017,2007,,Tier 2,Supermarket Type1,916.1408
6806,FDQ01,19.7,Regular,0.161610636,Canned,255.2014,OUT017,2007,,Tier 2,Supermarket Type1,3570.0196
6813,FDY31,5.98,Low Fat,0.043809260999999995,Fruits and Vegetables,146.8418,OUT017,2007,,Tier 2,Supermarket Type1,1765.7016
6823,NCU30,5.11,Low Fat,0.035071955,Household,163.221,OUT017,2007,,Tier 2,Supermarket Type1,2773.0570000000002
6825,FDC48,9.195,Low Fat,0.015949001,Baking Goods,84.1592,OUT017,2007,,Tier 2,Supermarket Type1,1238.388
6838,DRE48,8.43,Low Fat,0.0,Soft Drinks,195.3768,OUT017,2007,,Tier 2,Supermarket Type1,1576.6144
6840,FDB11,16.0,LF,0.061192210999999996,Starchy Foods,224.1404,OUT017,2007,,Tier 2,Supermarket Type1,4725.8484
6847,DRM59,5.88,Low Fat,0.003612411,Hard Drinks,154.1998,OUT017,2007,,Tier 2,Supermarket Type1,3537.3954
6852,NCP54,15.35,Low Fat,0.035348491,Household,124.67299999999999,OUT017,2007,,Tier 2,Supermarket Type1,2093.9410000000003
6873,FDN10,11.5,Low Fat,0.0463847,Snack Foods,118.9124,OUT017,2007,,Tier 2,Supermarket Type1,1540.6612
6889,FDZ51,11.3,Regular,0.054861393,Meat,96.9094,OUT017,2007,,Tier 2,Supermarket Type1,952.0939999999999
6896,FDH50,15.0,Regular,0.162348584,Canned,185.9266,OUT017,2007,,Tier 2,Supermarket Type1,4610.665
6900,DRN47,12.1,Low Fat,0.016921927,Hard Drinks,178.36599999999999,OUT017,2007,,Tier 2,Supermarket Type1,4314.384
6913,FDG34,11.5,Regular,0.037782943,Snack Foods,106.6254,OUT017,2007,,Tier 2,Supermarket Type1,325.5762
6917,FDK55,18.5,Low Fat,0.025907416000000003,Meat,87.7172,OUT017,2007,,Tier 2,Supermarket Type1,802.9548
6918,FDD10,20.6,Regular,0.046280998,Snack Foods,177.4344,OUT017,2007,,Tier 2,Supermarket Type1,1962.7784
6928,FDQ21,21.25,Low Fat,0.019533098,Snack Foods,120.4756,OUT017,2007,,Tier 2,Supermarket Type1,1938.8096
6937,FDA31,7.1,Low Fat,0.110633958,Fruits and Vegetables,173.808,OUT017,2007,,Tier 2,Supermarket Type1,1211.756
6946,FDS11,7.05,Regular,0.05587277,Breads,222.1088,OUT017,2007,,Tier 2,Supermarket Type1,4026.7584
6960,FDX43,5.655,Low Fat,0.085757338,Fruits and Vegetables,164.75,OUT017,2007,,Tier 2,Supermarket Type1,1498.05
6963,FDO19,17.7,Regular,0.0,Fruits and Vegetables,46.8034,OUT017,2007,,Tier 2,Supermarket Type1,923.4646
6967,FDC44,15.6,Low Fat,0.17357316399999997,Fruits and Vegetables,114.4518,OUT017,2007,,Tier 2,Supermarket Type1,2390.8878
6972,FDA46,13.6,low fat,0.11830085,Snack Foods,196.2136,OUT017,2007,,Tier 2,Supermarket Type1,1944.136
6978,FDQ26,13.5,Regular,0.068256316,Dairy,60.9562,OUT017,2007,,Tier 2,Supermarket Type1,533.3058
6990,FDT28,13.3,Low Fat,0.063925726,Frozen Foods,151.8708,OUT017,2007,,Tier 2,Supermarket Type1,1655.1788
6991,NCJ06,20.1,Low Fat,0.034848629,Household,118.6782,OUT017,2007,,Tier 2,Supermarket Type1,2502.7422
6993,FDT21,7.42,Low Fat,0.02050719,Snack Foods,249.7092,OUT017,2007,,Tier 2,Supermarket Type1,7719.2852
6998,FDK50,7.96,Low Fat,0.0,Canned,160.7894,OUT017,2007,,Tier 2,Supermarket Type1,3235.788
7007,FDC16,11.5,Regular,0.020686161,Dairy,85.054,OUT017,2007,,Tier 2,Supermarket Type1,1731.08
7017,FDV09,12.1,Low Fat,0.020684919,Snack Foods,148.5734,OUT017,2007,,Tier 2,Supermarket Type1,1336.2606
7025,FDX31,20.35,Regular,0.014909465,Fruits and Vegetables,232.3958,OUT017,2007,,Tier 2,Supermarket Type1,6076.0908
7035,FDM12,16.7,Regular,0.070312473,Baking Goods,189.6214,OUT017,2007,,Tier 2,Supermarket Type1,2826.321
7039,NCW30,5.21,Low Fat,0.011072173000000001,Household,257.8962,OUT017,2007,,Tier 2,Supermarket Type1,4402.9354
7040,FDD21,10.3,Regular,0.0,Fruits and Vegetables,115.7176,OUT017,2007,,Tier 2,Supermarket Type1,1717.764
7047,FDM04,9.195,Regular,0.047387144000000006,Frozen Foods,50.8666,OUT017,2007,,Tier 2,Supermarket Type1,871.5322
7069,FDB15,10.895,Low Fat,0.137584599,Dairy,262.2568,OUT017,2007,,Tier 2,Supermarket Type1,3954.8520000000003
7071,NCT18,14.6,Low Fat,0.059741172,Household,179.6976,OUT017,2007,,Tier 2,Supermarket Type1,5070.7328
7076,FDR34,17.0,Regular,0.016055615,Snack Foods,228.4352,OUT017,2007,,Tier 2,Supermarket Type1,8245.2672
7082,FDI45,13.1,Low Fat,0.037793818,Fruits and Vegetables,173.8054,OUT017,2007,,Tier 2,Supermarket Type1,2801.6864
7084,DRO59,11.8,Low Fat,0.054460571,Hard Drinks,77.0012,OUT017,2007,,Tier 2,Supermarket Type1,2277.036
7089,FDE32,20.7,Low Fat,0.04903471,Fruits and Vegetables,39.9506,OUT017,2007,,Tier 2,Supermarket Type1,872.8638
7094,DRY23,9.395,Regular,0.10971346400000001,Soft Drinks,41.3112,OUT017,2007,,Tier 2,Supermarket Type1,255.6672
7097,NCW29,14.0,Low Fat,0.029026218,Health and Hygiene,131.33100000000002,OUT017,2007,,Tier 2,Supermarket Type1,3635.268
7099,FDV51,16.35,Low Fat,0.03272295,Meat,165.7842,OUT017,2007,,Tier 2,Supermarket Type1,1823.6262
7100,NCQ18,15.75,Low Fat,0.13583682800000002,Household,100.37,OUT017,2007,,Tier 2,Supermarket Type1,1298.31
7103,FDF46,7.07,Low Fat,0.09420101800000001,Snack Foods,115.8834,OUT017,2007,,Tier 2,Supermarket Type1,1036.6506
7125,FDW09,13.65,Regular,0.026067434,Snack Foods,78.8302,OUT017,2007,,Tier 2,Supermarket Type1,713.0718
7135,FDS01,11.6,Low Fat,0.017845371999999998,Canned,179.0686,OUT017,2007,,Tier 2,Supermarket Type1,5688.5952
7138,DRN59,15.0,Low Fat,0.064504433,Hard Drinks,47.306000000000004,OUT017,2007,,Tier 2,Supermarket Type1,652.484
7142,FDA33,6.48,Low Fat,0.034091649,Snack Foods,146.2076,OUT017,2007,,Tier 2,Supermarket Type1,2364.9216
7147,FDD32,17.7,reg,0.041163522,Fruits and Vegetables,80.8276,OUT017,2007,,Tier 2,Supermarket Type1,1868.2348
7169,FDJ16,9.195,Low Fat,0.11553548699999999,Frozen Foods,59.5246,OUT017,2007,,Tier 2,Supermarket Type1,810.9444
7183,NCW53,18.35,Low Fat,0.03066757,Health and Hygiene,193.4162,OUT017,2007,,Tier 2,Supermarket Type1,2116.5782
7201,NCM53,18.75,Low Fat,0.05233528,Health and Hygiene,108.12799999999999,OUT017,2007,,Tier 2,Supermarket Type1,1065.28
7218,FDV40,17.35,Low Fat,0.0,Frozen Foods,72.2038,OUT017,2007,,Tier 2,Supermarket Type1,886.8456
7234,FDR44,6.11,Regular,0.103503049,Fruits and Vegetables,129.6968,OUT017,2007,,Tier 2,Supermarket Type1,1174.4712
7235,FDP26,7.785,Low Fat,0.140342195,Dairy,105.6306,OUT017,2007,,Tier 2,Supermarket Type1,627.1836
7248,FDL10,8.395,Low Fat,0.039715591,Snack Foods,100.1042,OUT017,2007,,Tier 2,Supermarket Type1,1289.6546
7259,FDW12,8.315,Regular,0.035773394,Baking Goods,144.3444,OUT017,2007,,Tier 2,Supermarket Type1,3483.4656
7261,DRG49,7.81,Low Fat,0.06783685099999999,Soft Drinks,246.1486,OUT017,2007,,Tier 2,Supermarket Type1,5375.6692
7265,NCZ17,12.15,LF,0.0,Health and Hygiene,39.1506,OUT017,2007,,Tier 2,Supermarket Type1,1480.0734
7274,FDC28,7.905,Low Fat,0.0,Frozen Foods,109.1254,OUT017,2007,,Tier 2,Supermarket Type1,1627.881
7279,NCW06,16.2,Low Fat,0.050625182000000005,Household,193.1162,OUT017,2007,,Tier 2,Supermarket Type1,2501.4106
7289,FDA25,16.5,Regular,0.068511103,Canned,103.699,OUT017,2007,,Tier 2,Supermarket Type1,1651.184
7295,FDQ44,20.5,Low Fat,0.036344721,Fruits and Vegetables,122.3756,OUT017,2007,,Tier 2,Supermarket Type1,2544.6876
7304,FDP22,14.65,Regular,0.099692906,Snack Foods,50.9666,OUT017,2007,,Tier 2,Supermarket Type1,717.7324
7324,FDD08,8.3,Low Fat,0.03555434,Fruits and Vegetables,37.4506,OUT017,2007,,Tier 2,Supermarket Type1,796.9626
7352,DRE25,15.35,LF,0.073697713,Soft Drinks,91.912,OUT017,2007,,Tier 2,Supermarket Type1,559.2719999999999
7361,FDD56,15.2,Regular,0.104365283,Fruits and Vegetables,177.1054,OUT017,2007,,Tier 2,Supermarket Type1,3151.8972
7363,FDE23,17.6,Regular,0.053481818,Starchy Foods,47.806000000000004,OUT017,2007,,Tier 2,Supermarket Type1,1071.938
7366,FDY50,5.8,Low Fat,0.13169655,Dairy,89.4172,OUT017,2007,,Tier 2,Supermarket Type1,2498.0816
7373,FDS09,8.895,Regular,0.08154715,Snack Foods,49.8008,OUT017,2007,,Tier 2,Supermarket Type1,759.012
7392,FDW50,13.1,Low Fat,0.07600554799999999,Dairy,166.1158,OUT017,2007,,Tier 2,Supermarket Type1,1169.8106
7400,FDM57,11.65,Regular,0.07627820099999999,Snack Foods,85.1908,OUT017,2007,,Tier 2,Supermarket Type1,671.1264
7423,NCM29,11.5,Low Fat,0.01774202,Health and Hygiene,129.6626,OUT017,2007,,Tier 2,Supermarket Type1,1836.2764
7444,FDZ27,7.935,Low Fat,0.017253305,Dairy,51.435,OUT017,2007,,Tier 2,Supermarket Type1,499.35
7450,NCQ05,11.395,Low Fat,0.0,Health and Hygiene,149.2708,OUT017,2007,,Tier 2,Supermarket Type1,2407.5328
7452,NCJ17,7.68,Low Fat,0.153419412,Health and Hygiene,86.4224,OUT017,2007,,Tier 2,Supermarket Type1,511.3344
7463,FDS27,10.195,Regular,0.012528611,Meat,195.111,OUT017,2007,,Tier 2,Supermarket Type1,3731.809
7465,NCO29,11.15,Low Fat,0.032438645,Health and Hygiene,163.0526,OUT017,2007,,Tier 2,Supermarket Type1,2302.3364
7471,FDS23,4.635,Low Fat,0.141686037,Breads,126.9994,OUT017,2007,,Tier 2,Supermarket Type1,1798.9916
7474,FDX57,17.25,Regular,0.047533568,Snack Foods,96.9068,OUT017,2007,,Tier 2,Supermarket Type1,1458.102
7480,FDB28,6.615,Low Fat,0.093913607,Dairy,198.7426,OUT017,2007,,Tier 2,Supermarket Type1,1186.4556
7492,FDE44,14.65,Low Fat,0.172357491,Fruits and Vegetables,50.8692,OUT017,2007,,Tier 2,Supermarket Type1,788.3072
7494,FDO20,12.85,Regular,0.152988295,Fruits and Vegetables,253.7382,OUT017,2007,,Tier 2,Supermarket Type1,2271.0438
7497,FDK48,7.445,Low Fat,0.037845086,Baking Goods,75.5354,OUT017,2007,,Tier 2,Supermarket Type1,1956.1204
7508,FDP12,9.8,Regular,0.045522854,Baking Goods,35.0874,OUT017,2007,,Tier 2,Supermarket Type1,352.874
7511,FDZ09,17.6,Low Fat,0.105472205,Snack Foods,165.6868,OUT017,2007,,Tier 2,Supermarket Type1,3111.9492
7524,FDH57,10.895,LF,0.035949725,Fruits and Vegetables,132.9284,OUT017,2007,,Tier 2,Supermarket Type1,3295.71
7527,NCY53,20.0,Low Fat,0.058812134,Health and Hygiene,111.6544,OUT017,2007,,Tier 2,Supermarket Type1,1565.9616
7528,FDR22,19.35,Regular,0.018667601000000002,Snack Foods,112.9544,OUT017,2007,,Tier 2,Supermarket Type1,2908.2144
7543,FDA15,9.3,LF,0.016113019,Dairy,248.8092,OUT017,2007,,Tier 2,Supermarket Type1,5976.2208
7552,FDA47,10.5,Regular,0.11733375,Baking Goods,164.12099999999998,OUT017,2007,,Tier 2,Supermarket Type1,2773.0570000000002
7556,NCS29,9.0,Low Fat,0.069938838,Health and Hygiene,264.8884,OUT017,2007,,Tier 2,Supermarket Type1,2914.8724
7561,FDQ47,7.155,Regular,0.169137707,Breads,35.2874,OUT017,2007,,Tier 2,Supermarket Type1,388.1614
7572,FDI14,14.1,Low Fat,0.09018502699999999,Canned,140.2496,OUT017,2007,,Tier 2,Supermarket Type1,2681.8424
7582,FDR47,17.85,Low Fat,0.087963415,Breads,193.3794,OUT017,2007,,Tier 2,Supermarket Type1,4291.7468
7605,FDD53,16.2,Low Fat,0.044472637,Frozen Foods,43.3454,OUT017,2007,,Tier 2,Supermarket Type1,922.7988
7607,FDY49,17.2,Regular,0.012080016,Canned,164.4184,OUT017,2007,,Tier 2,Supermarket Type1,2641.8944
7616,FDS39,6.895,Low Fat,0.022587621000000002,Meat,143.7812,OUT017,2007,,Tier 2,Supermarket Type1,1994.7368
7619,DRB24,8.785,Low Fat,0.020693619,Soft Drinks,153.1656,OUT017,2007,,Tier 2,Supermarket Type1,1853.5872
7623,FDO15,16.75,Regular,0.008615000000000001,Meat,72.4038,OUT017,2007,,Tier 2,Supermarket Type1,739.038
7628,FDD39,16.7,Low Fat,0.070551723,Dairy,217.685,OUT017,2007,,Tier 2,Supermarket Type1,2163.85
7630,NCO41,12.5,Low Fat,0.018955479,Health and Hygiene,100.1384,OUT017,2007,,Tier 2,Supermarket Type1,2167.8448
7633,DRK35,8.365,Low Fat,0.072252888,Hard Drinks,39.6506,OUT017,2007,,Tier 2,Supermarket Type1,834.9132
7634,FDM25,10.695,Regular,0.061008889000000004,Breakfast,177.5712,OUT017,2007,,Tier 2,Supermarket Type1,2636.5679999999998
7665,FDO32,6.36,Low Fat,0.121225455,Fruits and Vegetables,45.906000000000006,OUT017,2007,,Tier 2,Supermarket Type1,1118.5439999999999
7692,FDM03,12.65,Low Fat,0.123726711,Meat,107.7938,OUT017,2007,,Tier 2,Supermarket Type1,2251.0698
7706,FDU21,11.8,Regular,0.077154417,Snack Foods,35.7558,OUT017,2007,,Tier 2,Supermarket Type1,577.2486
7714,FDH24,20.7,Low Fat,0.021552357,Baking Goods,157.0288,OUT017,2007,,Tier 2,Supermarket Type1,2985.4472
7719,DRK39,7.02,Low Fat,0.0,Dairy,83.825,OUT017,2007,,Tier 2,Supermarket Type1,1414.825
7732,NCL42,18.85,Low Fat,0.040599962999999996,Household,244.0144,OUT017,2007,,Tier 2,Supermarket Type1,5635.3312
7774,NCB19,6.525,Low Fat,0.090806457,Household,86.4882,OUT017,2007,,Tier 2,Supermarket Type1,1631.8758
7788,FDK51,19.85,Low Fat,0.005264755,Dairy,264.5884,OUT017,2007,,Tier 2,Supermarket Type1,5829.7448
7801,DRH01,17.5,Low Fat,0.098457814,Soft Drinks,171.7738,OUT017,2007,,Tier 2,Supermarket Type1,2432.8332
7821,FDZ44,8.185,Low Fat,0.038948125,Fruits and Vegetables,115.4808,OUT017,2007,,Tier 2,Supermarket Type1,820.2656
7824,FDG53,10.0,Low Fat,0.046116319,Frozen Foods,141.81799999999998,OUT017,2007,,Tier 2,Supermarket Type1,838.908
7831,FDU01,20.25,Regular,0.012063121000000001,Canned,183.5924,OUT017,2007,,Tier 2,Supermarket Type1,2406.2012
7864,FDV57,15.25,Regular,0.066269294,Snack Foods,179.666,OUT017,2007,,Tier 2,Supermarket Type1,6471.576
7877,NCD55,14.0,Low Fat,0.024468806000000003,Household,41.1454,OUT017,2007,,Tier 2,Supermarket Type1,503.3448
7888,FDW49,19.5,Low Fat,0.08301916299999999,Canned,180.2002,OUT017,2007,,Tier 2,Supermarket Type1,5193.9058
7893,FDH12,9.6,Low Fat,0.085434195,Baking Goods,105.02799999999999,OUT017,2007,,Tier 2,Supermarket Type1,2556.672
7929,NCE43,12.5,Low Fat,0.10402738,Household,172.2448,OUT017,2007,,Tier 2,Supermarket Type1,1874.8928
7934,FDM56,16.7,Low Fat,0.07058862099999999,Fruits and Vegetables,107.9912,OUT017,2007,,Tier 2,Supermarket Type1,1419.4856
7937,FDE34,9.195,Low Fat,0.10850167599999999,Snack Foods,183.6634,OUT017,2007,,Tier 2,Supermarket Type1,2362.9242
7939,NCU17,5.32,Low Fat,0.093408695,Health and Hygiene,101.2674,OUT017,2007,,Tier 2,Supermarket Type1,2241.0828
7948,DRQ35,9.3,Low Fat,0.042530668,Hard Drinks,125.5388,OUT017,2007,,Tier 2,Supermarket Type1,2848.2924
7956,FDQ24,15.7,Low Fat,0.074083388,Baking Goods,253.3724,OUT017,2007,,Tier 2,Supermarket Type1,6795.1548
7964,FDO31,6.76,Regular,0.02914662,Fruits and Vegetables,79.296,OUT017,2007,,Tier 2,Supermarket Type1,1118.5439999999999
8004,FDB57,20.25,reg,0.018911473999999998,Fruits and Vegetables,220.5772,OUT017,2007,,Tier 2,Supermarket Type1,2446.1492
8008,FDB44,6.655,Low Fat,0.0,Fruits and Vegetables,212.4586,OUT017,2007,,Tier 2,Supermarket Type1,2743.7618
8010,NCN55,14.6,Low Fat,0.059827007,Others,239.2538,OUT017,2007,,Tier 2,Supermarket Type1,3605.3070000000002
8026,NCS53,14.5,Low Fat,0.090286009,Health and Hygiene,159.9604,OUT017,2007,,Tier 2,Supermarket Type1,2218.4456
8028,DRE60,9.395,Low Fat,0.160235723,Soft Drinks,227.872,OUT017,2007,,Tier 2,Supermarket Type1,1584.604
8038,DRK12,9.5,LF,0.042123243,Soft Drinks,32.09,OUT017,2007,,Tier 2,Supermarket Type1,432.77
8070,FDH20,16.1,Regular,0.0,Fruits and Vegetables,98.441,OUT017,2007,,Tier 2,Supermarket Type1,868.8689999999999
8077,NCY06,15.25,Low Fat,0.06153089,Household,132.2968,OUT017,2007,,Tier 2,Supermarket Type1,1696.4584
8083,FDJ58,15.6,Regular,0.10589167,Snack Foods,172.6764,OUT017,2007,,Tier 2,Supermarket Type1,2920.1988
8095,FDU22,12.35,Low Fat,0.093824276,Snack Foods,119.9124,OUT017,2007,,Tier 2,Supermarket Type1,2014.7108
8105,FDH53,20.5,Regular,0.0,Frozen Foods,83.2592,OUT017,2007,,Tier 2,Supermarket Type1,1155.8288
8106,DRB48,16.75,Regular,0.024994069,Soft Drinks,37.4822,OUT017,2007,,Tier 2,Supermarket Type1,549.9508
8111,DRJ35,10.1,Low Fat,0.046848053,Hard Drinks,60.6878,OUT017,2007,,Tier 2,Supermarket Type1,363.5268
8118,DRL35,15.7,Low Fat,0.030877303,Hard Drinks,42.177,OUT017,2007,,Tier 2,Supermarket Type1,735.709
8134,FDW38,5.325,Regular,0.139464425,Dairy,53.2298,OUT017,2007,,Tier 2,Supermarket Type1,1240.3854
8144,FDJ41,6.85,Low Fat,0.023012717999999998,Frozen Foods,262.0594,OUT017,2007,,Tier 2,Supermarket Type1,1569.9564
8146,FDB21,7.475,Low Fat,0.14936069800000001,Fruits and Vegetables,243.4854,OUT017,2007,,Tier 2,Supermarket Type1,1691.7978
8158,NCB54,8.76,Low Fat,0.050335829000000006,Health and Hygiene,126.2336,OUT017,2007,,Tier 2,Supermarket Type1,1406.1696
8170,FDJ15,11.35,Regular,0.023454399,Dairy,181.9608,OUT017,2007,,Tier 2,Supermarket Type1,1653.8472
8178,FDR39,20.35,Low Fat,0.084273286,Meat,181.7292,OUT017,2007,,Tier 2,Supermarket Type1,4013.4424
8200,FDG16,15.25,Low Fat,0.090324849,Frozen Foods,214.4192,OUT017,2007,,Tier 2,Supermarket Type1,4961.5416
8205,FDJ53,10.5,Low Fat,0.071660976,Frozen Foods,119.7098,OUT017,2007,,Tier 2,Supermarket Type1,2410.196
8208,FDM20,10.0,Low Fat,0.038904624,Fruits and Vegetables,245.4144,OUT017,2007,,Tier 2,Supermarket Type1,6615.3888
8209,NCJ42,19.75,Low Fat,0.01438222,Household,102.2332,OUT017,2007,,Tier 2,Supermarket Type1,3075.9959999999996
8213,FDW33,9.395,Low Fat,0.099681254,Snack Foods,106.428,OUT017,2007,,Tier 2,Supermarket Type1,1917.504
8223,FDK14,6.98,Low Fat,0.0413383,Canned,83.3934,OUT017,2007,,Tier 2,Supermarket Type1,491.3604
8226,FDG22,17.6,Regular,0.041615224,Snack Foods,37.219,OUT017,2007,,Tier 2,Supermarket Type1,366.19
8229,FDX25,16.7,Low Fat,0.10263304699999999,Canned,180.8292,OUT017,2007,,Tier 2,Supermarket Type1,3466.1548
8230,FDC58,10.195,Low Fat,0.04217956,Snack Foods,44.2428,OUT017,2007,,Tier 2,Supermarket Type1,703.0848
8231,NCA42,6.965,Low Fat,0.028710065,Household,158.1604,OUT017,2007,,Tier 2,Supermarket Type1,2693.8268
8242,FDH48,13.5,Low Fat,0.06082246,Baking Goods,85.154,OUT017,2007,,Tier 2,Supermarket Type1,605.878
8255,FDX37,16.2,Low Fat,0.063385859,Canned,98.17,OUT017,2007,,Tier 2,Supermarket Type1,2696.49
8260,FDD28,10.695,Low Fat,0.0,Frozen Foods,60.5904,OUT017,2007,,Tier 2,Supermarket Type1,410.1328
8265,NCA17,20.6,Low Fat,0.045675104,Health and Hygiene,150.9392,OUT017,2007,,Tier 2,Supermarket Type1,4026.7584
8272,FDG41,8.84,Regular,0.076995176,Frozen Foods,112.0228,OUT017,2007,,Tier 2,Supermarket Type1,1215.7508
8277,NCP30,20.5,Low Fat,0.032954044,Household,39.3822,OUT017,2007,,Tier 2,Supermarket Type1,314.2576
8279,FDS36,8.38,Regular,0.047152554000000006,Baking Goods,110.15700000000001,OUT017,2007,,Tier 2,Supermarket Type1,3185.853
8289,DRB25,12.3,Low Fat,0.069852615,Soft Drinks,107.4938,OUT017,2007,,Tier 2,Supermarket Type1,2358.2636
8290,NCM30,19.1,Low Fat,0.067676056,Household,40.8796,OUT017,2007,,Tier 2,Supermarket Type1,371.5164
8295,FDX58,13.15,low fat,0.044011225,Snack Foods,181.295,OUT017,2007,,Tier 2,Supermarket Type1,4028.09
8302,FDY20,12.5,Regular,0.082215187,Fruits and Vegetables,91.4488,OUT017,2007,,Tier 2,Supermarket Type1,1086.5856
8316,FDA11,7.75,Low Fat,0.043483398,Baking Goods,94.3436,OUT017,2007,,Tier 2,Supermarket Type1,2363.59
8341,FDU46,10.3,Regular,0.011189235,Snack Foods,86.654,OUT017,2007,,Tier 2,Supermarket Type1,2423.512
8342,FDF04,17.5,Low Fat,0.013714183000000001,Frozen Foods,259.2304,OUT017,2007,,Tier 2,Supermarket Type1,2841.6344
8346,DRN11,7.85,Low Fat,0.163902159,Hard Drinks,143.3444,OUT017,2007,,Tier 2,Supermarket Type1,1596.5884
8357,FDD38,16.75,Regular,0.008238064,Canned,101.9674,OUT017,2007,,Tier 2,Supermarket Type1,1528.011
8361,FDX48,17.75,Regular,0.038102203,Baking Goods,154.0656,OUT017,2007,,Tier 2,Supermarket Type1,1390.1904
8378,NCX05,15.2,Low Fat,0.097611115,Health and Hygiene,116.5492,OUT017,2007,,Tier 2,Supermarket Type1,810.9444
8387,FDT10,16.7,reg,0.062395455,Snack Foods,57.6562,OUT017,2007,,Tier 2,Supermarket Type1,533.3058
8401,FDM02,12.5,Regular,0.074152133,Canned,88.6198,OUT017,2007,,Tier 2,Supermarket Type1,1395.5168
8402,DRJ49,6.865,Low Fat,0.014072399,Soft Drinks,127.3652,OUT017,2007,,Tier 2,Supermarket Type1,1679.1476
8408,FDP48,7.52,Regular,0.044272226,Baking Goods,181.395,OUT017,2007,,Tier 2,Supermarket Type1,2563.33
8447,FDS26,20.35,Low Fat,0.089975294,Dairy,261.6594,OUT017,2007,,Tier 2,Supermarket Type1,7588.1226
8452,NCO42,21.25,Low Fat,0.024795057000000002,Household,147.4102,OUT017,2007,,Tier 2,Supermarket Type1,3791.0652
8455,FDL26,18.0,Low Fat,0.073606829,Canned,156.6972,OUT017,2007,,Tier 2,Supermarket Type1,4206.5244
8471,NCT53,5.4,Low Fat,0.048388423,Health and Hygiene,163.0526,OUT017,2007,,Tier 2,Supermarket Type1,2302.3364
8477,FDC05,13.1,Regular,0.099343352,Frozen Foods,198.1768,OUT017,2007,,Tier 2,Supermarket Type1,1970.7679999999998
8493,FDP21,7.42,Regular,0.025886443,Snack Foods,189.1872,OUT017,2007,,Tier 2,Supermarket Type1,4727.18
8494,NCI54,15.2,Low Fat,0.0,Household,110.4912,OUT017,2007,,Tier 2,Supermarket Type1,1637.868
8496,FDJ57,7.42,Regular,0.021695673999999998,Seafood,185.3582,OUT017,2007,,Tier 2,Supermarket Type1,3715.164
8500,NCQ42,20.35,Low Fat,0.0,Household,125.1678,OUT017,2007,,Tier 2,Supermarket Type1,1907.517
8501,FDW21,5.34,Regular,0.005997615,Snack Foods,100.4358,OUT017,2007,,Tier 2,Supermarket Type1,1508.037
