,Item_Identifier,Item_Weight,Item_Fat_Content,Item_Visibility,Item_Type,Item_MRP,Outlet_Identifier,Outlet_Establishment_Year,Outlet_Size,Outlet_Location_Type,Outlet_Type,Item_Outlet_Sales
3,FDX07,19.2,Regular,0.0,Fruits and Vegetables,182.095,OUT010,1998,,Tier 3,Grocery Store,732.38
28,FDE51,5.925,Regular,0.161466534,Dairy,45.5086,OUT010,1998,,Tier 3,Grocery Store,178.4344
30,FDV38,19.25,Low Fat,0.17034855100000001,Dairy,55.7956,OUT010,1998,,Tier 3,Grocery Store,163.7868
45,FDM39,6.42,LF,0.08949892599999999,Dairy,178.1002,OUT010,1998,,Tier 3,Grocery Store,358.2004
65,FDC46,17.7,LF,0.195068226,Snack Foods,185.4266,OUT010,1998,,Tier 3,Grocery Store,184.4266
90,FDW20,20.75,Low Fat,0.040421193,Fruits and Vegetables,122.17299999999999,OUT010,1998,,Tier 3,Grocery Store,369.519
122,FDB14,20.25,Regular,0.171938781,Canned,92.512,OUT010,1998,,Tier 3,Grocery Store,186.424
133,FDS52,8.89,Low Fat,0.009163216,Frozen Foods,101.7016,OUT010,1998,,Tier 3,Grocery Store,101.2016
139,NCN07,18.5,Low Fat,0.056816465,Others,132.1284,OUT010,1998,,Tier 3,Grocery Store,263.6568
174,FDI32,17.7,Low Fat,0.291865402,Fruits and Vegetables,115.1834,OUT010,1998,,Tier 3,Grocery Store,345.5502
175,FDR47,17.85,LF,0.0,Breads,196.5794,OUT010,1998,,Tier 3,Grocery Store,585.2382
177,NCU05,11.8,Low Fat,0.098312421,Health and Hygiene,81.4618,OUT010,1998,,Tier 3,Grocery Store,161.1236
205,FDF24,15.5,Regular,0.042464962,Baking Goods,81.5934,OUT010,1998,,Tier 3,Grocery Store,327.5736
209,FDX40,12.85,Low Fat,0.165694219,Frozen Foods,39.7164,OUT010,1998,,Tier 3,Grocery Store,231.6984
214,NCZ54,14.65,Low Fat,0.0,Household,161.5552,OUT010,1998,,Tier 3,Grocery Store,324.9104
215,FDE10,6.67,Regular,0.150554711,Snack Foods,130.0626,OUT010,1998,,Tier 3,Grocery Store,131.1626
216,FDR44,6.11,Regular,0.0,Fruits and Vegetables,131.2968,OUT010,1998,,Tier 3,Grocery Store,260.9936
217,FDP28,13.65,Regular,0.13497562800000001,Frozen Foods,260.0936,OUT010,1998,,Tier 3,Grocery Store,260.9936
278,FDK21,7.905,Low Fat,0.016758568999999997,Snack Foods,250.4408,OUT010,1998,,Tier 3,Grocery Store,500.6816
286,FDE08,18.2,Low Fat,0.082551042,Fruits and Vegetables,147.3734,OUT010,1998,,Tier 3,Grocery Store,296.9468
317,FDC08,19.0,Regular,0.173154079,Fruits and Vegetables,228.27200000000002,OUT010,1998,,Tier 3,Grocery Store,452.744
325,NCK19,9.8,Low Fat,0.151420934,Others,194.3478,OUT010,1998,,Tier 3,Grocery Store,387.4956
387,FDT57,15.2,Low Fat,0.031860325,Snack Foods,235.1248,OUT010,1998,,Tier 3,Grocery Store,474.0496
411,NCZ42,10.5,Low Fat,0.0,Household,238.3248,OUT010,1998,,Tier 3,Grocery Store,711.0744
420,FDR04,7.075,Low Fat,0.03777249,Frozen Foods,98.0068,OUT010,1998,,Tier 3,Grocery Store,291.6204
477,FDV51,16.35,Low Fat,0.054463442,Meat,163.8842,OUT010,1998,,Tier 3,Grocery Store,165.7842
483,FDC02,21.35,Low Fat,0.11519471699999999,Canned,258.3278,OUT010,1998,,Tier 3,Grocery Store,520.6556
493,FDN09,14.15,Low Fat,0.05837308,Snack Foods,243.9828,OUT010,1998,,Tier 3,Grocery Store,731.0484
502,FDB15,10.895,Low Fat,0.228993134,Dairy,263.4568,OUT010,1998,,Tier 3,Grocery Store,527.3136
510,FDQ37,20.75,Low Fat,0.14940405699999998,Breakfast,192.8478,OUT010,1998,,Tier 3,Grocery Store,774.9912
521,FDC15,18.1,Low Fat,0.29788371199999997,Dairy,156.7288,OUT010,1998,,Tier 3,Grocery Store,314.2576
522,NCD19,8.93,Low Fat,0.022059594,Household,56.0614,OUT010,1998,,Tier 3,Grocery Store,276.307
531,NCM55,15.6,Low Fat,0.11168586800000001,Others,184.7924,OUT010,1998,,Tier 3,Grocery Store,370.1848
532,FDR49,8.71,Low Fat,0.23303981699999998,Canned,49.5376,OUT010,1998,,Tier 3,Grocery Store,95.8752
540,FDA44,19.7,Low Fat,0.089083914,Fruits and Vegetables,54.593,OUT010,1998,,Tier 3,Grocery Store,56.593
547,FDD29,12.15,Low Fat,0.030815427000000003,Frozen Foods,252.0698,OUT010,1998,,Tier 3,Grocery Store,1014.6792
561,DRF03,19.1,Low Fat,0.075836522,Dairy,40.2138,OUT010,1998,,Tier 3,Grocery Store,81.2276
636,FDZ01,8.975,Regular,0.01516265,Canned,101.899,OUT010,1998,,Tier 3,Grocery Store,103.199
651,FDY07,11.8,Low Fat,0.0,Fruits and Vegetables,46.5402,OUT010,1998,,Tier 3,Grocery Store,229.701
680,FDG20,15.5,Regular,0.21037580600000003,Fruits and Vegetables,178.2028,OUT010,1998,,Tier 3,Grocery Store,177.1028
687,FDU32,8.785,Low Fat,0.0,Fruits and Vegetables,123.0414,OUT010,1998,,Tier 3,Grocery Store,121.8414
706,FDX57,17.25,Regular,0.079113947,Snack Foods,99.2068,OUT010,1998,,Tier 3,Grocery Store,97.2068
712,DRI39,13.8,Low Fat,0.162462044,Dairy,55.893,OUT010,1998,,Tier 3,Grocery Store,226.372
746,DRN47,12.1,Low Fat,0.028164527,Hard Drinks,178.166,OUT010,1998,,Tier 3,Grocery Store,539.298
759,FDN15,17.5,Low Fat,0.028009382000000003,Meat,141.718,OUT010,1998,,Tier 3,Grocery Store,419.454
787,FDS03,7.825,Low Fat,0.133281968,Meat,63.2826,OUT010,1998,,Tier 3,Grocery Store,129.1652
828,FDE35,7.06,Regular,0.073480266,Starchy Foods,58.8904,OUT010,1998,,Tier 3,Grocery Store,58.5904
836,FDL48,19.35,Regular,0.137697119,Baking Goods,47.1034,OUT010,1998,,Tier 3,Grocery Store,145.8102
851,FDX26,17.7,LF,0.146973462,Dairy,184.1292,OUT010,1998,,Tier 3,Grocery Store,547.2876
861,NCV30,20.2,Low Fat,0.11035679699999999,Household,62.051,OUT010,1998,,Tier 3,Grocery Store,126.50200000000001
882,NCQ05,11.395,Low Fat,0.03616416,Health and Hygiene,150.1708,OUT010,1998,,Tier 3,Grocery Store,300.9416
883,FDU40,20.85,Low Fat,0.062606583,Frozen Foods,192.2478,OUT010,1998,,Tier 3,Grocery Store,387.4956
906,DRK12,9.5,Low Fat,0.0,Soft Drinks,32.89,OUT010,1998,,Tier 3,Grocery Store,33.29
908,DRG51,12.1,Low Fat,0.019314961000000002,Dairy,164.6526,OUT010,1998,,Tier 3,Grocery Store,657.8104
913,DRM37,15.35,Low Fat,0.16135017599999998,Soft Drinks,196.6768,OUT010,1998,,Tier 3,Grocery Store,591.2304
928,FDF21,10.3,Regular,0.09846497900000001,Fruits and Vegetables,188.653,OUT010,1998,,Tier 3,Grocery Store,189.753
945,FDO10,13.65,Regular,0.021343732,Snack Foods,58.3588,OUT010,1998,,Tier 3,Grocery Store,114.5176
953,FDZ23,17.75,Regular,0.112985849,Baking Goods,185.424,OUT010,1998,,Tier 3,Grocery Store,745.696
966,DRF23,4.61,Low Fat,0.20529482699999999,Hard Drinks,172.8396,OUT010,1998,,Tier 3,Grocery Store,174.4396
973,NCN43,12.15,Low Fat,0.011314423,Others,122.973,OUT010,1998,,Tier 3,Grocery Store,123.17299999999999
978,FDP01,20.75,Regular,0.10599465400000001,Breakfast,150.5682,OUT010,1998,,Tier 3,Grocery Store,762.341
982,FDW56,7.68,Low Fat,0.118672537,Fruits and Vegetables,192.2162,OUT010,1998,,Tier 3,Grocery Store,384.8324
995,FDO34,17.7,Low Fat,0.050111641,Snack Foods,165.9816,OUT010,1998,,Tier 3,Grocery Store,167.7816
1020,FDG31,12.15,Low Fat,0.063430788,Meat,65.4826,OUT010,1998,,Tier 3,Grocery Store,258.3304
1022,NCS54,13.6,Low Fat,0.016726506000000002,Household,176.037,OUT010,1998,,Tier 3,Grocery Store,352.874
1030,FDM02,12.5,Regular,0.12341737,Canned,86.0198,OUT010,1998,,Tier 3,Grocery Store,87.2198
1034,FDL52,6.635,reg,0.07714555299999999,Frozen Foods,39.8506,OUT010,1998,,Tier 3,Grocery Store,75.9012
1064,FDM28,15.7,Low Fat,0.075661985,Frozen Foods,181.36599999999999,OUT010,1998,,Tier 3,Grocery Store,179.766
1065,NCY41,16.75,Low Fat,0.126765903,Health and Hygiene,35.7532,OUT010,1998,,Tier 3,Grocery Store,143.8128
1105,NCA54,16.5,Low Fat,0.061330521,Household,178.7318,OUT010,1998,,Tier 3,Grocery Store,360.8636
1119,NCF18,18.35,Low Fat,0.148938624,Household,191.9504,OUT010,1998,,Tier 3,Grocery Store,767.0016
1120,NCX41,19.0,Low Fat,0.0,Health and Hygiene,211.0244,OUT010,1998,,Tier 3,Grocery Store,1482.0708
1144,FDB34,15.25,Low Fat,0.044539370999999994,Snack Foods,85.3198,OUT010,1998,,Tier 3,Grocery Store,261.6594
1192,NCK06,5.03,Low Fat,0.014472516000000001,Household,122.0756,OUT010,1998,,Tier 3,Grocery Store,121.1756
1224,NCZ30,6.59,Low Fat,0.043828293,Household,121.4098,OUT010,1998,,Tier 3,Grocery Store,241.0196
1233,FDO22,13.5,Regular,0.029893094,Snack Foods,81.096,OUT010,1998,,Tier 3,Grocery Store,159.792
1259,FDU60,20.0,Regular,0.10026206800000001,Baking Goods,169.6132,OUT010,1998,,Tier 3,Grocery Store,169.1132
1272,DRM23,16.6,Low Fat,0.227189581,Hard Drinks,173.9422,OUT010,1998,,Tier 3,Grocery Store,172.4422
1291,FDY24,4.88,Regular,0.223440258,Baking Goods,52.2298,OUT010,1998,,Tier 3,Grocery Store,161.7894
1311,FDV28,16.1,Regular,0.267352587,Frozen Foods,34.9558,OUT010,1998,,Tier 3,Grocery Store,67.9116
1319,FDT58,9.0,Low Fat,0.143870574,Snack Foods,169.4816,OUT010,1998,,Tier 3,Grocery Store,503.3448
1337,NCI31,20.0,low fat,0.136124989,Others,38.319,OUT010,1998,,Tier 3,Grocery Store,146.476
1351,FDM32,20.5,Low Fat,0.0,Fruits and Vegetables,90.883,OUT010,1998,,Tier 3,Grocery Store,89.883
1380,FDJ55,12.8,Regular,0.039385992,Meat,224.8404,OUT010,1998,,Tier 3,Grocery Store,1575.2828
1389,FDO56,10.195,Regular,0.075291577,Fruits and Vegetables,119.1808,OUT010,1998,,Tier 3,Grocery Store,351.5424
1444,NCW42,18.2,Low Fat,0.097865088,Household,221.8456,OUT010,1998,,Tier 3,Grocery Store,884.1824
1449,FDD16,20.5,Low Fat,0.060847634000000005,Frozen Foods,75.0696,OUT010,1998,,Tier 3,Grocery Store,149.1392
1468,NCG18,15.3,Low Fat,0.038460297000000004,Household,104.0332,OUT010,1998,,Tier 3,Grocery Store,205.0664
1476,FDK02,12.5,Low Fat,0.187841082,Canned,119.244,OUT010,1998,,Tier 3,Grocery Store,119.844
1481,FDQ31,5.785,Regular,0.09012919999999999,Fruits and Vegetables,89.8856,OUT010,1998,,Tier 3,Grocery Store,175.7712
1496,NCJ17,7.68,Low Fat,0.255348289,Health and Hygiene,84.4224,OUT010,1998,,Tier 3,Grocery Store,170.4448
1516,FDD57,18.1,Low Fat,0.037492325,Fruits and Vegetables,95.5094,OUT010,1998,,Tier 3,Grocery Store,95.2094
1545,FDK52,18.25,Low Fat,0.132596101,Frozen Foods,226.2062,OUT010,1998,,Tier 3,Grocery Store,677.1186
1548,NCK18,9.6,Low Fat,0.011211251,Household,166.9184,OUT010,1998,,Tier 3,Grocery Store,660.4736
1555,FDU58,6.61,Regular,0.04855968,Snack Foods,188.4898,OUT010,1998,,Tier 3,Grocery Store,187.0898
1590,FDP11,15.85,Low Fat,0.11566015,Breads,218.3166,OUT010,1998,,Tier 3,Grocery Store,435.4332
1605,NCG43,20.2,Low Fat,0.124261614,Household,93.6462,OUT010,1998,,Tier 3,Grocery Store,277.6386
1617,FDL14,8.115,reg,0.05382735,Canned,155.2972,OUT010,1998,,Tier 3,Grocery Store,311.5944
1642,FDS45,5.175,Regular,0.04937018,Snack Foods,106.7622,OUT010,1998,,Tier 3,Grocery Store,211.7244
1644,FDD46,6.035,Low Fat,0.23643360100000002,Snack Foods,155.5998,OUT010,1998,,Tier 3,Grocery Store,153.7998
1651,FDR43,18.2,Low Fat,0.270300331,Fruits and Vegetables,38.319,OUT010,1998,,Tier 3,Grocery Store,109.85700000000001
1696,FDK03,12.6,Regular,0.123727659,Dairy,253.0356,OUT010,1998,,Tier 3,Grocery Store,254.3356
1711,FDO57,20.75,Low Fat,0.18195852399999998,Snack Foods,161.0578,OUT010,1998,,Tier 3,Grocery Store,481.3734
1715,FDF16,7.3,Low Fat,0.144167934,Frozen Foods,146.3076,OUT010,1998,,Tier 3,Grocery Store,886.8456
1754,FDK08,9.195,Regular,0.20471303600000001,Fruits and Vegetables,101.0016,OUT010,1998,,Tier 3,Grocery Store,202.4032
1788,FDW12,8.315,Regular,0.059540542,Baking Goods,143.6444,OUT010,1998,,Tier 3,Grocery Store,145.1444
1800,FDE04,19.75,Regular,0.030166923999999998,Frozen Foods,179.766,OUT010,1998,,Tier 3,Grocery Store,719.064
1824,FDZ45,14.1,Low Fat,0.111936685,Snack Foods,198.8084,OUT010,1998,,Tier 3,Grocery Store,992.0419999999999
1839,FDE34,9.195,Low Fat,0.18058808199999998,Snack Foods,182.2634,OUT010,1998,,Tier 3,Grocery Store,363.5268
1841,NCJ18,12.35,LF,0.274405193,Household,117.1124,OUT010,1998,,Tier 3,Grocery Store,355.5372
1845,FDX27,20.7,Regular,0.191008614,Dairy,92.8436,OUT010,1998,,Tier 3,Grocery Store,189.0872
1854,NCH30,17.1,Low Fat,0.11240211800000001,Household,112.986,OUT010,1998,,Tier 3,Grocery Store,113.186
1855,NCM29,11.5,Low Fat,0.029529474,Health and Hygiene,132.6626,OUT010,1998,,Tier 3,Grocery Store,262.3252
1867,NCU54,8.88,Low Fat,0.165073642,Household,207.727,OUT010,1998,,Tier 3,Grocery Store,209.727
1873,FDH44,19.1,Regular,0.043304681,Fruits and Vegetables,147.5418,OUT010,1998,,Tier 3,Grocery Store,294.2836
1875,FDR59,14.5,Regular,0.106894492,Breads,260.4594,OUT010,1998,,Tier 3,Grocery Store,1046.6376
1921,FDN08,7.72,Regular,0.147904328,Fruits and Vegetables,116.6466,OUT010,1998,,Tier 3,Grocery Store,117.8466
1937,FDB27,7.575,Low Fat,0.092711708,Dairy,197.7768,OUT010,1998,,Tier 3,Grocery Store,197.0768
1951,FDA03,18.5,Regular,0.076097035,Dairy,145.8102,OUT010,1998,,Tier 3,Grocery Store,291.6204
1988,DRJ13,12.65,Low Fat,0.105265475,Soft Drinks,159.9578,OUT010,1998,,Tier 3,Grocery Store,962.7468
1990,FDE53,10.895,Low Fat,0.04499187599999999,Frozen Foods,107.228,OUT010,1998,,Tier 3,Grocery Store,426.11199999999997
2017,DRJ11,9.5,Low Fat,0.142425145,Hard Drinks,189.9872,OUT010,1998,,Tier 3,Grocery Store,756.3488
2039,NCB06,17.6,Low Fat,0.137807013,Health and Hygiene,161.792,OUT010,1998,,Tier 3,Grocery Store,159.792
2065,DRL01,19.5,Regular,0.129170642,Soft Drinks,233.9958,OUT010,1998,,Tier 3,Grocery Store,467.3916
2079,NCY18,7.285,Low Fat,0.052141447,Household,174.9054,OUT010,1998,,Tier 3,Grocery Store,525.3162
2081,FDV60,20.2,Regular,0.196438668,Baking Goods,194.611,OUT010,1998,,Tier 3,Grocery Store,392.82199999999995
2088,FDY12,9.8,Regular,0.235354055,Baking Goods,50.8008,OUT010,1998,,Tier 3,Grocery Store,101.2016
2092,DRE49,20.75,Low Fat,0.035568147,Soft Drinks,151.8024,OUT010,1998,,Tier 3,Grocery Store,151.8024
2119,FDP44,16.5,Regular,0.133424184,Fruits and Vegetables,102.2332,OUT010,1998,,Tier 3,Grocery Store,102.5332
2122,FDZ26,11.6,Regular,0.241055611,Dairy,238.5222,OUT010,1998,,Tier 3,Grocery Store,717.0666
2124,NCP41,16.6,Low Fat,0.027133398,Health and Hygiene,106.2596,OUT010,1998,,Tier 3,Grocery Store,215.7192
2131,FDS37,7.655,Low Fat,0.05346916,Canned,114.1492,OUT010,1998,,Tier 3,Grocery Store,115.8492
2159,FDH35,18.25,Low Fat,0.10084386,Starchy Foods,166.3526,OUT010,1998,,Tier 3,Grocery Store,164.4526
2170,FDH10,21.0,Low Fat,0.082526478,Snack Foods,191.8478,OUT010,1998,,Tier 3,Grocery Store,774.9912
2172,FDJ44,12.3,Regular,0.17797002,Fruits and Vegetables,173.1396,OUT010,1998,,Tier 3,Grocery Store,697.7584
2195,FDH53,20.5,Regular,0.032136417,Frozen Foods,83.9592,OUT010,1998,,Tier 3,Grocery Store,165.1184
2204,FDE26,9.3,Low Fat,0.14897741,Canned,143.0786,OUT010,1998,,Tier 3,Grocery Store,288.9572
2223,FDM12,16.7,reg,0.117026714,Baking Goods,189.2214,OUT010,1998,,Tier 3,Grocery Store,188.4214
2252,FDB58,10.5,Regular,0.022590317999999998,Snack Foods,140.6154,OUT010,1998,,Tier 3,Grocery Store,283.6308
2255,FDE05,10.895,Regular,0.05432142,Frozen Foods,146.2102,OUT010,1998,,Tier 3,Grocery Store,437.4306
2277,NCB07,19.2,Low Fat,0.12973174699999998,Household,196.21099999999998,OUT010,1998,,Tier 3,Grocery Store,589.2330000000001
2287,NCV41,14.35,Low Fat,0.028519419,Health and Hygiene,109.2228,OUT010,1998,,Tier 3,Grocery Store,221.0456
2294,DRJ23,18.35,Low Fat,0.069745165,Hard Drinks,190.2872,OUT010,1998,,Tier 3,Grocery Store,378.1744
2312,FDZ10,17.85,Low Fat,0.074422769,Snack Foods,128.002,OUT010,1998,,Tier 3,Grocery Store,253.00400000000002
2313,FDM13,6.425,Low Fat,0.10574254400000001,Breakfast,130.5626,OUT010,1998,,Tier 3,Grocery Store,131.1626
2318,NCQ54,17.7,Low Fat,0.020993364,Household,166.8474,OUT010,1998,,Tier 3,Grocery Store,168.4474
2324,FDW38,5.325,Regular,0.23212188,Dairy,55.5298,OUT010,1998,,Tier 3,Grocery Store,53.9298
2336,FDY32,7.605,Low Fat,0.216323008,Fruits and Vegetables,165.021,OUT010,1998,,Tier 3,Grocery Store,815.605
2340,DRL35,15.7,Low Fat,0.0,Hard Drinks,43.376999999999995,OUT010,1998,,Tier 3,Grocery Store,129.83100000000002
2345,FDB22,8.02,Low Fat,0.18652881899999998,Snack Foods,151.9998,OUT010,1998,,Tier 3,Grocery Store,307.5996
2350,FDV37,13.0,Regular,0.139785104,Canned,196.2426,OUT010,1998,,Tier 3,Grocery Store,197.7426
2384,FDF26,6.825,Regular,0.078057026,Canned,154.5998,OUT010,1998,,Tier 3,Grocery Store,153.7998
2394,NCP55,14.65,Low Fat,0.0,Others,56.4614,OUT010,1998,,Tier 3,Grocery Store,55.2614
2407,FDU15,13.65,Regular,0.044526443,Meat,37.9532,OUT010,1998,,Tier 3,Grocery Store,71.9064
2408,FDB41,19.0,Regular,0.162882227,Frozen Foods,46.8718,OUT010,1998,,Tier 3,Grocery Store,189.0872
2445,DRE27,11.85,Low Fat,0.22206335100000002,Dairy,99.6726,OUT010,1998,,Tier 3,Grocery Store,195.7452
2449,DRH03,17.25,Low Fat,0.05869048,Dairy,91.61200000000001,OUT010,1998,,Tier 3,Grocery Store,93.212
2470,FDD26,8.71,Regular,0.12077345099999999,Canned,186.5924,OUT010,1998,,Tier 3,Grocery Store,555.2772
2472,FDT32,19.0,Regular,0.10985775,Fruits and Vegetables,188.8214,OUT010,1998,,Tier 3,Grocery Store,188.4214
2479,DRB13,6.115,Regular,0.01179078,Soft Drinks,189.053,OUT010,1998,,Tier 3,Grocery Store,948.765
2480,FDX51,9.5,Regular,0.036921781,Meat,194.2452,OUT010,1998,,Tier 3,Grocery Store,782.9808
2487,FDV22,14.85,Regular,0.016635488,Snack Foods,157.563,OUT010,1998,,Tier 3,Grocery Store,312.926
2491,NCI54,15.2,Low Fat,0.056237906,Household,110.7912,OUT010,1998,,Tier 3,Grocery Store,109.1912
2527,FDD56,15.2,Regular,0.17370354899999998,Fruits and Vegetables,175.8054,OUT010,1998,,Tier 3,Grocery Store,1050.6324
2573,FDU46,10.3,Regular,0.018623146,Snack Foods,87.854,OUT010,1998,,Tier 3,Grocery Store,259.66200000000003
2576,FDR23,15.85,Low Fat,0.13689554,Breads,176.437,OUT010,1998,,Tier 3,Grocery Store,529.311
2582,FDL46,20.35,Low Fat,0.090480214,Snack Foods,119.5466,OUT010,1998,,Tier 3,Grocery Store,117.8466
2600,FDZ03,13.65,Regular,0.13187274,Dairy,188.024,OUT010,1998,,Tier 3,Grocery Store,745.696
2620,FDQ14,9.27,Low Fat,0.10341925699999999,Dairy,148.105,OUT010,1998,,Tier 3,Grocery Store,149.805
2678,FDT39,6.26,reg,0.016516867,Meat,151.1366,OUT010,1998,,Tier 3,Grocery Store,453.4098
2692,FDY47,8.6,Regular,0.09119581800000001,Breads,130.231,OUT010,1998,,Tier 3,Grocery Store,129.83100000000002
2697,FDA50,16.25,LF,0.14591330800000002,Dairy,95.441,OUT010,1998,,Tier 3,Grocery Store,193.082
2728,FDG33,5.365,Regular,0.234733477,Seafood,173.4764,OUT010,1998,,Tier 3,Grocery Store,171.7764
2765,FDQ40,11.1,Regular,0.06030268900000001,Frozen Foods,175.8712,OUT010,1998,,Tier 3,Grocery Store,175.7712
2767,FDJ57,7.42,Regular,0.036109859,Seafood,186.5582,OUT010,1998,,Tier 3,Grocery Store,185.7582
2795,FDX48,17.75,Regular,0.063416566,Baking Goods,154.6656,OUT010,1998,,Tier 3,Grocery Store,308.9312
2796,DRC25,5.73,Low Fat,0.075943184,Soft Drinks,85.5882,OUT010,1998,,Tier 3,Grocery Store,171.7764
2809,FDD17,7.5,Low Fat,0.05461082900000001,Frozen Foods,237.1906,OUT010,1998,,Tier 3,Grocery Store,237.6906
2813,DRO47,10.195,Low Fat,0.187841082,Hard Drinks,112.486,OUT010,1998,,Tier 3,Grocery Store,113.186
2818,FDU48,18.85,Low Fat,0.0926587,Baking Goods,131.4284,OUT010,1998,,Tier 3,Grocery Store,263.6568
2855,NCE31,7.67,Low Fat,0.309390255,Household,33.2216,OUT010,1998,,Tier 3,Grocery Store,138.4864
2875,FDG58,10.695,Regular,0.145253944,Snack Foods,156.8972,OUT010,1998,,Tier 3,Grocery Store,467.3916
2940,FDZ20,16.1,Low Fat,0.057422821,Fruits and Vegetables,253.7356,OUT010,1998,,Tier 3,Grocery Store,508.6712
2943,FDU38,10.8,Low Fat,0.138171603,Dairy,191.4504,OUT010,1998,,Tier 3,Grocery Store,575.2512
2944,DRB48,16.75,Regular,0.041599644,Soft Drinks,40.9822,OUT010,1998,,Tier 3,Grocery Store,157.1288
2963,FDR27,15.1,Regular,0.160852421,Meat,131.3942,OUT010,1998,,Tier 3,Grocery Store,397.4826
2966,FDY60,10.5,Regular,0.044139551,Baking Goods,143.9128,OUT010,1998,,Tier 3,Grocery Store,143.8128
2977,NCR30,20.6,Low Fat,0.11882768199999999,Household,75.0696,OUT010,1998,,Tier 3,Grocery Store,149.1392
3001,FDO25,6.3,Low Fat,0.21332355,Canned,208.52700000000002,OUT010,1998,,Tier 3,Grocery Store,419.454
3012,FDW51,6.155,Regular,0.158441218,Meat,213.75599999999997,OUT010,1998,,Tier 3,Grocery Store,852.2239999999999
3025,FDE24,14.85,Low Fat,0.15643727,Baking Goods,142.0812,OUT010,1998,,Tier 3,Grocery Store,284.9624
3028,FDV34,10.695,Regular,0.019123874,Snack Foods,73.0038,OUT010,1998,,Tier 3,Grocery Store,147.8076
3041,FDD36,13.3,Low Fat,0.035607579,Baking Goods,119.9124,OUT010,1998,,Tier 3,Grocery Store,118.5124
3044,FDR26,20.7,Low Fat,0.07169998400000001,Dairy,177.6028,OUT010,1998,,Tier 3,Grocery Store,531.3084
3047,FDR52,12.65,Regular,0.127283051,Frozen Foods,191.7846,OUT010,1998,,Tier 3,Grocery Store,382.1692
3054,FDW40,14.0,Regular,0.175991929,Frozen Foods,140.7812,OUT010,1998,,Tier 3,Grocery Store,142.4812
3055,FDZ12,9.17,Low Fat,0.17236542800000001,Baking Goods,144.847,OUT010,1998,,Tier 3,Grocery Store,572.5880000000001
3086,FDN12,15.6,Low Fat,0.13575135,Baking Goods,111.5544,OUT010,1998,,Tier 3,Grocery Store,223.7088
3095,FDW10,21.2,Low Fat,0.118297605,Snack Foods,175.037,OUT010,1998,,Tier 3,Grocery Store,529.311
3100,FDX21,7.05,Low Fat,0.14221570000000003,Snack Foods,108.7912,OUT010,1998,,Tier 3,Grocery Store,109.1912
3104,NCN53,5.175,Low Fat,0.050808821,Health and Hygiene,33.6874,OUT010,1998,,Tier 3,Grocery Store,70.5748
3105,FDL45,15.6,Low Fat,0.063081713,Snack Foods,125.7704,OUT010,1998,,Tier 3,Grocery Store,250.3408
3108,FDA49,19.7,Low Fat,0.108665723,Canned,86.4198,OUT010,1998,,Tier 3,Grocery Store,87.2198
3113,FDU35,6.44,Low Fat,0.132590283,Breads,98.17,OUT010,1998,,Tier 3,Grocery Store,199.74
3146,DRL60,8.52,LF,0.045291822,Soft Drinks,153.5682,OUT010,1998,,Tier 3,Grocery Store,457.4046
3163,FDF58,13.3,LF,0.0,Snack Foods,62.151,OUT010,1998,,Tier 3,Grocery Store,63.251000000000005
3171,FDR36,6.715,Regular,0.203510667,Baking Goods,41.0454,OUT010,1998,,Tier 3,Grocery Store,251.6724
3180,FDV59,13.35,Low Fat,0.080387424,Breads,219.2166,OUT010,1998,,Tier 3,Grocery Store,1524.0162
3216,DRI37,15.85,Low Fat,0.180096791,Soft Drinks,57.3904,OUT010,1998,,Tier 3,Grocery Store,117.1808
3224,NCE06,5.825,LF,0.15312752300000002,Household,162.4894,OUT010,1998,,Tier 3,Grocery Store,323.5788
3227,NCH06,12.3,Low Fat,0.12813634599999998,Household,248.34599999999998,OUT010,1998,,Tier 3,Grocery Store,985.3839999999999
3247,FDY40,15.5,Regular,0.143670179,Frozen Foods,48.4692,OUT010,1998,,Tier 3,Grocery Store,49.2692
3258,NCX53,20.1,LF,0.025002878,Health and Hygiene,140.4154,OUT010,1998,,Tier 3,Grocery Store,567.2616
3271,FDU26,16.7,Regular,0.071335395,Dairy,120.3782,OUT010,1998,,Tier 3,Grocery Store,119.1782
3273,FDV48,9.195,Regular,0.08639603800000001,Baking Goods,79.0644,OUT010,1998,,Tier 3,Grocery Store,157.1288
3276,FDP59,20.85,Regular,0.094512029,Breads,104.5648,OUT010,1998,,Tier 3,Grocery Store,207.7296
3283,FDT10,16.7,Regular,0.103849783,Snack Foods,58.8562,OUT010,1998,,Tier 3,Grocery Store,59.2562
3301,FDX38,10.5,Regular,0.080688663,Dairy,46.7376,OUT010,1998,,Tier 3,Grocery Store,47.9376
3336,FDC35,7.435,Low Fat,0.205605116,Starchy Foods,207.7638,OUT010,1998,,Tier 3,Grocery Store,621.1914
3348,FDI22,12.6,Low Fat,0.161039887,Snack Foods,210.2612,OUT010,1998,,Tier 3,Grocery Store,418.1224
3389,FDO19,17.7,Regular,0.027779381000000002,Fruits and Vegetables,50.1034,OUT010,1998,,Tier 3,Grocery Store,97.2068
3399,FDC50,15.85,Low Fat,0.22846952199999998,Canned,93.3094,OUT010,1998,,Tier 3,Grocery Store,285.6282
3408,NCO06,19.25,Low Fat,0.180820798,Household,35.9558,OUT010,1998,,Tier 3,Grocery Store,67.9116
3417,FDV09,12.1,Low Fat,0.034427577,Snack Foods,146.6734,OUT010,1998,,Tier 3,Grocery Store,296.9468
3419,FDQ45,9.5,Regular,0.0,Snack Foods,182.3608,OUT010,1998,,Tier 3,Grocery Store,1102.5648
3432,FDC60,5.425,Regular,0.191603334,Baking Goods,87.0514,OUT010,1998,,Tier 3,Grocery Store,88.5514
3488,FDT34,9.3,LF,0.29182661600000004,Snack Foods,107.1964,OUT010,1998,,Tier 3,Grocery Store,420.7856
3497,NCR53,12.15,Low Fat,0.242768664,Health and Hygiene,226.5404,OUT010,1998,,Tier 3,Grocery Store,225.0404
3510,NCJ43,6.635,Low Fat,0.045308629,Household,173.1396,OUT010,1998,,Tier 3,Grocery Store,348.8792
3537,FDG34,11.5,Regular,0.062885197,Snack Foods,106.7254,OUT010,1998,,Tier 3,Grocery Store,542.627
3556,FDD38,16.75,Regular,0.013711273999999999,Canned,100.2674,OUT010,1998,,Tier 3,Grocery Store,203.7348
3603,FDU23,12.15,Low Fat,0.036360676,Breads,166.0184,OUT010,1998,,Tier 3,Grocery Store,330.2368
3626,NCN26,10.85,LF,0.048004263,Household,117.5808,OUT010,1998,,Tier 3,Grocery Store,351.5424
3639,NCQ41,14.8,Low Fat,0.032606181,Health and Hygiene,193.5794,OUT010,1998,,Tier 3,Grocery Store,390.1588
3666,FDT46,11.35,Low Fat,0.051564827,Snack Foods,49.0008,OUT010,1998,,Tier 3,Grocery Store,101.2016
3695,NCH42,6.86,Low Fat,0.061155983,Household,228.40099999999998,OUT010,1998,,Tier 3,Grocery Store,229.701
3702,FDW24,6.8,Low Fat,0.06276237400000001,Baking Goods,50.4034,OUT010,1998,,Tier 3,Grocery Store,48.6034
3740,FDY35,17.6,Regular,0.026827052,Breads,47.8402,OUT010,1998,,Tier 3,Grocery Store,91.8804
3761,FDP03,5.15,Regular,0.10239789,Meat,122.1388,OUT010,1998,,Tier 3,Grocery Store,495.3552
3762,FDT04,17.25,Low Fat,0.0,Frozen Foods,37.5822,OUT010,1998,,Tier 3,Grocery Store,196.41099999999997
3764,FDA39,6.32,Low Fat,0.021287234,Meat,38.5822,OUT010,1998,,Tier 3,Grocery Store,78.5644
3771,FDA32,14.0,Low Fat,0.050371507999999995,Fruits and Vegetables,214.7192,OUT010,1998,,Tier 3,Grocery Store,862.8768
3795,FDG09,20.6,Regular,0.080235512,Fruits and Vegetables,188.9556,OUT010,1998,,Tier 3,Grocery Store,563.2668
3810,NCQ30,7.725,LF,0.048661040999999995,Household,123.7414,OUT010,1998,,Tier 3,Grocery Store,121.8414
3813,FDV11,9.1,Regular,0.136695145,Breads,173.4054,OUT010,1998,,Tier 3,Grocery Store,875.5269999999999
3865,FDM25,10.695,Regular,0.10154201,Breakfast,173.7712,OUT010,1998,,Tier 3,Grocery Store,175.7712
3870,NCP02,7.105,Low Fat,0.075000682,Household,61.0562,OUT010,1998,,Tier 3,Grocery Store,296.281
3880,FDG50,7.405,Low Fat,0.02556185,Canned,89.7146,OUT010,1998,,Tier 3,Grocery Store,182.4292
3889,FDP16,18.6,Low Fat,0.06577152900000001,Frozen Foods,245.7802,OUT010,1998,,Tier 3,Grocery Store,245.6802
3895,NCK05,20.1,Low Fat,0.0,Health and Hygiene,61.3536,OUT010,1998,,Tier 3,Grocery Store,183.7608
3897,FDA07,7.55,Regular,0.051794957999999995,Fruits and Vegetables,122.6072,OUT010,1998,,Tier 3,Grocery Store,122.5072
3941,FDX31,20.35,Regular,0.024815023999999998,Fruits and Vegetables,234.0958,OUT010,1998,,Tier 3,Grocery Store,467.3916
3950,FDO37,8.06,Low Fat,0.035780177,Breakfast,230.2326,OUT010,1998,,Tier 3,Grocery Store,693.0978
3951,FDY56,16.35,Regular,0.104463896,Fruits and Vegetables,227.1062,OUT010,1998,,Tier 3,Grocery Store,225.7062
3960,DRJ01,6.135,Low Fat,0.192540665,Soft Drinks,160.2236,OUT010,1998,,Tier 3,Grocery Store,322.2472
3971,FDM51,11.8,Regular,0.0,Meat,102.4674,OUT010,1998,,Tier 3,Grocery Store,203.7348
3983,FDJ07,7.26,Low Fat,0.02414202,Meat,117.415,OUT010,1998,,Tier 3,Grocery Store,466.06
3996,FDX50,20.1,Low Fat,0.124910635,Dairy,109.6228,OUT010,1998,,Tier 3,Grocery Store,110.5228
4012,FDS10,19.2,Low Fat,0.058893460999999994,Snack Foods,178.9318,OUT010,1998,,Tier 3,Grocery Store,180.4318
4016,FDO40,17.1,Low Fat,0.054612768,Frozen Foods,150.2392,OUT010,1998,,Tier 3,Grocery Store,596.5568
4019,FDS21,19.85,reg,0.034942397,Snack Foods,61.9194,OUT010,1998,,Tier 3,Grocery Store,123.8388
4034,DRG11,6.385,Low Fat,0.14032811,Hard Drinks,109.1596,OUT010,1998,,Tier 3,Grocery Store,107.8596
4054,FDT03,21.25,Low Fat,0.016735879,Meat,185.2608,OUT010,1998,,Tier 3,Grocery Store,183.7608
4061,NCO55,12.8,Low Fat,0.152377658,Others,108.1938,OUT010,1998,,Tier 3,Grocery Store,428.7752
4090,NCV42,6.26,Low Fat,0.052593952,Household,111.0228,OUT010,1998,,Tier 3,Grocery Store,221.0456
4117,FDZ44,8.185,Low Fat,0.064824502,Fruits and Vegetables,116.0808,OUT010,1998,,Tier 3,Grocery Store,234.3616
4130,DRA24,19.35,Regular,0.066831682,Soft Drinks,163.8868,OUT010,1998,,Tier 3,Grocery Store,327.5736
4153,FDT12,6.215,Regular,0.083056555,Baking Goods,224.4062,OUT010,1998,,Tier 3,Grocery Store,225.7062
4159,FDK51,19.85,Low Fat,0.008762556,Dairy,266.6884,OUT010,1998,,Tier 3,Grocery Store,264.9884
4197,FDV24,5.635,Low Fat,0.172856719,Baking Goods,148.205,OUT010,1998,,Tier 3,Grocery Store,449.415
4199,FDL36,15.1,Low Fat,0.127334766,Baking Goods,88.28299999999999,OUT010,1998,,Tier 3,Grocery Store,89.883
4219,FDU33,7.63,Regular,0.225476528,Snack Foods,45.1402,OUT010,1998,,Tier 3,Grocery Store,45.9402
4225,FDL13,13.85,Regular,0.09426573699999999,Breakfast,233.93,OUT010,1998,,Tier 3,Grocery Store,233.03
4228,FDB28,6.615,Low Fat,0.156307983,Dairy,196.3426,OUT010,1998,,Tier 3,Grocery Store,790.9704
4229,FDC41,15.6,Low Fat,0.195688803,Frozen Foods,77.367,OUT010,1998,,Tier 3,Grocery Store,153.134
4254,FDN39,19.35,Regular,0.10966769800000001,Meat,166.0816,OUT010,1998,,Tier 3,Grocery Store,671.1264
4257,FDR07,21.35,Low Fat,0.130127365,Fruits and Vegetables,96.2094,OUT010,1998,,Tier 3,Grocery Store,190.4188
4265,FDS40,15.35,Low Fat,0.02346559,Frozen Foods,35.219,OUT010,1998,,Tier 3,Grocery Store,36.619
4280,NCZ17,12.15,Low Fat,0.132952286,Health and Hygiene,37.6506,OUT010,1998,,Tier 3,Grocery Store,37.9506
4281,FDK46,9.6,Low Fat,0.08614586699999999,Snack Foods,258.362,OUT010,1998,,Tier 3,Grocery Store,259.66200000000003
4284,FDT15,12.15,Regular,0.071440118,Meat,182.295,OUT010,1998,,Tier 3,Grocery Store,549.285
4291,DRI01,7.97,Low Fat,0.057667172999999995,Soft Drinks,172.1422,OUT010,1998,,Tier 3,Grocery Store,517.3266
4297,FDC14,14.5,Regular,0.06904249,Canned,41.4454,OUT010,1998,,Tier 3,Grocery Store,41.9454
4310,FDY21,15.1,Low Fat,0.0,Snack Foods,197.21099999999998,OUT010,1998,,Tier 3,Grocery Store,196.41099999999997
4321,FDW44,9.5,Regular,0.058835927999999996,Fruits and Vegetables,170.2448,OUT010,1998,,Tier 3,Grocery Store,170.4448
4322,FDY39,5.305,Regular,0.07871639,Meat,183.5608,OUT010,1998,,Tier 3,Grocery Store,551.2824
4329,FDZ07,15.1,Regular,0.157154813,Fruits and Vegetables,62.2194,OUT010,1998,,Tier 3,Grocery Store,185.7582
4334,NCX05,15.2,Low Fat,0.162462044,Health and Hygiene,117.6492,OUT010,1998,,Tier 3,Grocery Store,347.5476
4347,FDK40,7.035,Low Fat,0.0,Frozen Foods,263.291,OUT010,1998,,Tier 3,Grocery Store,525.982
4350,FDN49,17.25,Regular,0.209600084,Breakfast,40.348,OUT010,1998,,Tier 3,Grocery Store,39.948
4361,NCJ30,5.82,Low Fat,0.13497562800000001,Household,170.579,OUT010,1998,,Tier 3,Grocery Store,509.337
4373,NCN29,15.2,Low Fat,0.020280476000000002,Health and Hygiene,49.1034,OUT010,1998,,Tier 3,Grocery Store,194.4136
4376,FDZ02,6.905,Regular,0.06385097099999999,Dairy,97.2726,OUT010,1998,,Tier 3,Grocery Store,195.7452
4403,FDG38,8.975,Regular,0.088257771,Canned,84.1224,OUT010,1998,,Tier 3,Grocery Store,170.4448
4408,FDS04,10.195,Regular,0.245483691,Frozen Foods,141.8838,OUT010,1998,,Tier 3,Grocery Store,280.9676
4437,FDS19,13.8,Regular,0.10746981900000001,Fruits and Vegetables,77.8012,OUT010,1998,,Tier 3,Grocery Store,227.7036
4447,DRD37,9.8,LF,0.02316823,Soft Drinks,47.506,OUT010,1998,,Tier 3,Grocery Store,186.424
4470,NCD31,12.1,Low Fat,0.025834127999999998,Household,165.1526,OUT010,1998,,Tier 3,Grocery Store,164.4526
4477,FDR09,18.25,Low Fat,0.130095044,Snack Foods,257.2962,OUT010,1998,,Tier 3,Grocery Store,517.9924
4491,FDV20,20.2,Regular,0.100095288,Fruits and Vegetables,125.2678,OUT010,1998,,Tier 3,Grocery Store,127.1678
4502,FDH21,10.395,LF,0.05226427,Seafood,158.4604,OUT010,1998,,Tier 3,Grocery Store,158.4604
4509,NCD43,8.85,Low Fat,0.026814123999999998,Household,103.7964,OUT010,1998,,Tier 3,Grocery Store,210.3928
4518,FDE16,8.895,Low Fat,0.044093978,Frozen Foods,208.3954,OUT010,1998,,Tier 3,Grocery Store,1041.9769999999999
4530,FDZ16,16.85,Regular,0.267565911,Frozen Foods,194.1478,OUT010,1998,,Tier 3,Grocery Store,1162.4868
4612,FDU12,15.5,Regular,0.126791761,Baking Goods,262.1568,OUT010,1998,,Tier 3,Grocery Store,527.3136
4619,FDW47,15.0,Low Fat,0.077622622,Breads,121.8414,OUT010,1998,,Tier 3,Grocery Store,243.6828
4622,FDH56,9.8,Regular,0.10681691900000001,Fruits and Vegetables,114.2492,OUT010,1998,,Tier 3,Grocery Store,463.3968
4655,FDQ51,16.0,Regular,0.029377239,Meat,46.1718,OUT010,1998,,Tier 3,Grocery Store,94.5436
4656,FDR46,16.85,Low Fat,0.233356571,Snack Foods,146.576,OUT010,1998,,Tier 3,Grocery Store,439.42800000000005
4693,NCO41,12.5,Low Fat,0.031549131,Health and Hygiene,99.0384,OUT010,1998,,Tier 3,Grocery Store,197.0768
4770,NCH55,16.35,Low Fat,0.058034349000000006,Household,124.802,OUT010,1998,,Tier 3,Grocery Store,253.00400000000002
4780,FDA43,10.895,Low Fat,0.108253944,Fruits and Vegetables,194.8794,OUT010,1998,,Tier 3,Grocery Store,585.2382
4789,FDP19,11.5,LF,0.290430317,Fruits and Vegetables,130.6652,OUT010,1998,,Tier 3,Grocery Store,258.3304
4800,DRG49,7.81,Low Fat,0.112906337,Soft Drinks,243.5486,OUT010,1998,,Tier 3,Grocery Store,488.6972
4844,FDC09,15.5,Regular,0.044024163,Fruits and Vegetables,102.0332,OUT010,1998,,Tier 3,Grocery Store,102.5332
4851,FDT56,16.0,Regular,0.193477995,Fruits and Vegetables,55.9246,OUT010,1998,,Tier 3,Grocery Store,405.4722
4874,FDA15,9.3,Low Fat,0.026818196000000002,Dairy,248.9092,OUT010,1998,,Tier 3,Grocery Store,498.0184
4906,FDB32,20.6,Low Fat,0.039255412,Fruits and Vegetables,94.4778,OUT010,1998,,Tier 3,Grocery Store,93.8778
4909,FDZ28,20.0,Regular,0.08618788599999999,Frozen Foods,125.4678,OUT010,1998,,Tier 3,Grocery Store,127.1678
4910,FDK28,5.695,Low Fat,0.10978405599999999,Frozen Foods,256.0646,OUT010,1998,,Tier 3,Grocery Store,1288.323
4920,FDO11,8.0,Regular,0.050657232,Breads,249.9092,OUT010,1998,,Tier 3,Grocery Store,249.0092
4924,NCZ53,9.6,Low Fat,0.040969757,Health and Hygiene,188.7214,OUT010,1998,,Tier 3,Grocery Store,376.8428
4925,DRE03,19.6,Low Fat,0.040550868,Dairy,45.5718,OUT010,1998,,Tier 3,Grocery Store,47.2718
4926,FDZ09,17.6,Low Fat,0.17554588899999998,Snack Foods,163.6868,OUT010,1998,,Tier 3,Grocery Store,163.7868
4940,FDK04,7.36,Low Fat,0.08755962099999999,Frozen Foods,55.2588,OUT010,1998,,Tier 3,Grocery Store,229.0352
4941,FDQ15,20.35,Regular,0.25286597899999996,Meat,82.7276,OUT010,1998,,Tier 3,Grocery Store,162.4552
4955,FDD53,16.2,Low Fat,0.074019393,Frozen Foods,41.7454,OUT010,1998,,Tier 3,Grocery Store,83.8908
4987,FDR48,11.65,Low Fat,0.220111117,Baking Goods,153.0024,OUT010,1998,,Tier 3,Grocery Store,455.4072
5014,NCI29,8.6,Low Fat,0.054601779,Health and Hygiene,141.1154,OUT010,1998,,Tier 3,Grocery Store,425.4462
5031,NCF42,17.35,Low Fat,0.280164929,Household,177.5712,OUT010,1998,,Tier 3,Grocery Store,527.3136
5044,FDD02,16.6,Low Fat,0.084176826,Canned,118.0124,OUT010,1998,,Tier 3,Grocery Store,592.562
5050,NCA30,19.0,Low Fat,0.216478153,Household,190.1872,OUT010,1998,,Tier 3,Grocery Store,567.2616
5057,NCJ19,18.6,Low Fat,0.19780911,Others,55.6588,OUT010,1998,,Tier 3,Grocery Store,114.5176
5071,FDY03,17.6,Regular,0.127412338,Meat,111.3202,OUT010,1998,,Tier 3,Grocery Store,337.5606
5083,NCN06,8.39,Low Fat,0.20168772,Household,162.8868,OUT010,1998,,Tier 3,Grocery Store,327.5736
5093,DRF36,16.1,Low Fat,0.039463564,Soft Drinks,189.9846,OUT010,1998,,Tier 3,Grocery Store,191.0846
5095,FDE09,8.775,Low Fat,0.036159635,Fruits and Vegetables,110.7228,OUT010,1998,,Tier 3,Grocery Store,331.5684
5154,FDJ36,14.5,Regular,0.214681063,Baking Goods,102.7332,OUT010,1998,,Tier 3,Grocery Store,205.0664
5155,NCL53,7.5,LF,0.060649825,Health and Hygiene,177.4028,OUT010,1998,,Tier 3,Grocery Store,354.2056
5160,FDK09,15.2,Low Fat,0.153592956,Snack Foods,228.0352,OUT010,1998,,Tier 3,Grocery Store,458.0704
5179,FDH40,11.6,Regular,0.132111921,Frozen Foods,82.2276,OUT010,1998,,Tier 3,Grocery Store,243.6828
5192,NCO14,9.6,Low Fat,0.049617765,Household,44.2086,OUT010,1998,,Tier 3,Grocery Store,44.6086
5199,FDY02,8.945,Regular,0.146701312,Dairy,262.291,OUT010,1998,,Tier 3,Grocery Store,1314.955
5224,FDX58,13.15,LF,0.073251428,Snack Foods,181.695,OUT010,1998,,Tier 3,Grocery Store,549.285
5285,FDR02,16.7,Low Fat,0.036933417,Dairy,109.1886,OUT010,1998,,Tier 3,Grocery Store,222.3772
5287,FDO24,11.1,Low Fat,0.294948897,Baking Goods,159.0604,OUT010,1998,,Tier 3,Grocery Store,792.302
5310,DRI11,8.26,Low Fat,0.057585723,Hard Drinks,113.7834,OUT010,1998,,Tier 3,Grocery Store,115.1834
5330,FDX37,16.2,Low Fat,0.10549819199999999,Canned,101.47,OUT010,1998,,Tier 3,Grocery Store,399.48
5353,FDF32,16.35,Low Fat,0.113953562,Fruits and Vegetables,198.2426,OUT010,1998,,Tier 3,Grocery Store,790.9704
5366,FDC26,10.195,Low Fat,0.211539389,Canned,110.9886,OUT010,1998,,Tier 3,Grocery Store,111.1886
5368,FDQ04,6.4,Low Fat,0.14186016099999998,Frozen Foods,41.0796,OUT010,1998,,Tier 3,Grocery Store,41.2796
5372,FDQ39,14.8,Low Fat,0.13564792,Meat,190.8846,OUT010,1998,,Tier 3,Grocery Store,191.0846
5374,FDU27,18.6,Regular,0.28701714,Meat,48.8376,OUT010,1998,,Tier 3,Grocery Store,47.9376
5434,FDP15,15.2,Low Fat,0.0,Meat,256.033,OUT010,1998,,Tier 3,Grocery Store,1281.665
5445,FDH47,13.5,Regular,0.21561193,Starchy Foods,98.6068,OUT010,1998,,Tier 3,Grocery Store,97.2068
5455,NCH18,9.3,Low Fat,0.074753743,Household,246.4802,OUT010,1998,,Tier 3,Grocery Store,982.7208
5459,NCV29,11.8,Low Fat,0.038235337,Health and Hygiene,177.5686,OUT010,1998,,Tier 3,Grocery Store,711.0744
5507,FDZ33,10.195,Low Fat,0.0,Snack Foods,147.2076,OUT010,1998,,Tier 3,Grocery Store,739.038
5509,FDB17,13.15,Low Fat,0.061381589,Frozen Foods,179.9976,OUT010,1998,,Tier 3,Grocery Store,181.0976
5526,FDS59,14.8,Regular,0.07346863099999999,Breads,110.85700000000001,OUT010,1998,,Tier 3,Grocery Store,329.57099999999997
5528,NCL06,14.65,Low Fat,0.12062477099999999,Household,261.7594,OUT010,1998,,Tier 3,Grocery Store,523.3188
5529,FDR37,16.5,Regular,0.110888167,Breakfast,181.6292,OUT010,1998,,Tier 3,Grocery Store,1094.5752
5534,NCV53,8.27,Low Fat,0.031490111,Health and Hygiene,239.088,OUT010,1998,,Tier 3,Grocery Store,719.064
5542,FDN03,9.8,Regular,0.025257507999999998,Meat,248.5408,OUT010,1998,,Tier 3,Grocery Store,751.0224
5544,NCH54,13.5,Low Fat,0.12163321,Household,161.692,OUT010,1998,,Tier 3,Grocery Store,159.792
5603,FDM09,11.15,Regular,0.143831787,Snack Foods,169.979,OUT010,1998,,Tier 3,Grocery Store,169.77900000000002
5636,NCQ17,10.3,Low Fat,0.195721125,Health and Hygiene,156.463,OUT010,1998,,Tier 3,Grocery Store,312.926
5688,FDI56,7.325,Low Fat,0.156307983,Fruits and Vegetables,92.2146,OUT010,1998,,Tier 3,Grocery Store,91.2146
5730,FDR10,17.6,Low Fat,0.016804724,Snack Foods,163.4552,OUT010,1998,,Tier 3,Grocery Store,649.8208
5734,FDY08,9.395,Regular,0.286344848,Fruits and Vegetables,139.1838,OUT010,1998,,Tier 3,Grocery Store,280.9676
5759,FDS26,20.35,Low Fat,0.14975313199999998,Dairy,259.7594,OUT010,1998,,Tier 3,Grocery Store,784.9782
5762,DRD25,6.135,Low Fat,0.132183029,Soft Drinks,115.086,OUT010,1998,,Tier 3,Grocery Store,452.744
5771,FDE22,9.695,Low Fat,0.049498821,Snack Foods,158.792,OUT010,1998,,Tier 3,Grocery Store,319.584
5773,FDY26,20.6,Regular,0.051068365,Dairy,213.0244,OUT010,1998,,Tier 3,Grocery Store,423.4488
5784,FDF56,16.7,reg,0.199955274,Fruits and Vegetables,182.3976,OUT010,1998,,Tier 3,Grocery Store,724.3904
5790,FDJ48,11.3,Low Fat,0.094460314,Baking Goods,245.3118,OUT010,1998,,Tier 3,Grocery Store,247.0118
5827,NCK53,11.6,Low Fat,0.062903297,Health and Hygiene,100.4042,OUT010,1998,,Tier 3,Grocery Store,595.2252
5832,FDJ28,12.3,Low Fat,0.036590807,Frozen Foods,193.3162,OUT010,1998,,Tier 3,Grocery Store,192.4162
5834,DRD24,13.85,Low Fat,0.051544658,Soft Drinks,142.5154,OUT010,1998,,Tier 3,Grocery Store,141.8154
5837,FDV04,7.825,Regular,0.251094747,Frozen Foods,156.6288,OUT010,1998,,Tier 3,Grocery Store,628.5152
5876,FDW19,12.35,Regular,0.064441812,Fruits and Vegetables,110.95700000000001,OUT010,1998,,Tier 3,Grocery Store,219.71400000000003
5881,NCP17,19.35,Low Fat,0.0,Health and Hygiene,65.3168,OUT010,1998,,Tier 3,Grocery Store,191.7504
5891,FDE11,17.7,Regular,0.226122963,Starchy Foods,185.7924,OUT010,1998,,Tier 3,Grocery Store,370.1848
5908,FDV36,18.7,Low Fat,0.044024163,Baking Goods,125.902,OUT010,1998,,Tier 3,Grocery Store,126.50200000000001
5948,NCT30,9.1,Low Fat,0.134393836,Household,48.0718,OUT010,1998,,Tier 3,Grocery Store,47.2718
5952,FDP24,20.6,Low Fat,0.13893181,Baking Goods,119.5756,OUT010,1998,,Tier 3,Grocery Store,121.1756
5966,FDL40,17.7,Low Fat,0.019438042,Frozen Foods,95.541,OUT010,1998,,Tier 3,Grocery Store,96.541
5982,FDG57,14.7,Low Fat,0.121012632,Fruits and Vegetables,49.4034,OUT010,1998,,Tier 3,Grocery Store,194.4136
5991,FDI20,19.1,Low Fat,0.064547828,Fruits and Vegetables,212.8586,OUT010,1998,,Tier 3,Grocery Store,422.1172
5994,NCL29,9.695,Low Fat,0.190711254,Health and Hygiene,159.1604,OUT010,1998,,Tier 3,Grocery Store,633.8416
6002,FDF52,9.3,Low Fat,0.11178154,Frozen Foods,182.3292,OUT010,1998,,Tier 3,Grocery Store,182.4292
6012,FDD47,7.6,Regular,0.23836644199999998,Starchy Foods,171.8448,OUT010,1998,,Tier 3,Grocery Store,852.2239999999999
6013,FDF20,12.85,Low Fat,0.055603753,Fruits and Vegetables,195.6768,OUT010,1998,,Tier 3,Grocery Store,394.1536
6024,NCA29,10.5,LF,0.045655118,Household,169.8106,OUT010,1998,,Tier 3,Grocery Store,171.1106
6025,FDX43,5.655,LF,0.142732848,Fruits and Vegetables,167.95,OUT010,1998,,Tier 3,Grocery Store,166.45
6037,FDE59,12.15,LF,0.104257037,Starchy Foods,34.0532,OUT010,1998,,Tier 3,Grocery Store,179.766
6044,NCM06,7.475,Low Fat,0.126752975,Household,154.2656,OUT010,1998,,Tier 3,Grocery Store,308.9312
6062,FDX39,14.3,Regular,0.083147702,Meat,210.1586,OUT010,1998,,Tier 3,Grocery Store,422.1172
6072,FDZ51,11.3,Regular,0.09131023699999999,Meat,96.9094,OUT010,1998,,Tier 3,Grocery Store,190.4188
6080,FDQ56,6.59,Low Fat,0.17674825800000002,Fruits and Vegetables,82.7908,OUT010,1998,,Tier 3,Grocery Store,83.8908
6094,NCU53,5.485,Low Fat,0.07155776900000001,Health and Hygiene,165.7842,OUT010,1998,,Tier 3,Grocery Store,165.7842
6095,NCH07,13.15,Low Fat,0.155105614,Household,157.2604,OUT010,1998,,Tier 3,Grocery Store,316.9208
6136,FDO16,5.48,Low Fat,0.02528802,Frozen Foods,83.325,OUT010,1998,,Tier 3,Grocery Store,416.125
6145,NCM05,6.825,Low Fat,0.100171568,Health and Hygiene,262.7226,OUT010,1998,,Tier 3,Grocery Store,264.3226
6150,FDF34,9.3,Regular,0.02346559,Snack Foods,197.6084,OUT010,1998,,Tier 3,Grocery Store,595.2252
6159,DRD15,10.6,Low Fat,0.095064731,Dairy,232.4642,OUT010,1998,,Tier 3,Grocery Store,697.0926
6162,NCS30,5.945,Low Fat,0.155706798,Household,127.9652,OUT010,1998,,Tier 3,Grocery Store,645.826
6165,FDV31,9.8,Low Fat,0.178622919,Fruits and Vegetables,177.937,OUT010,1998,,Tier 3,Grocery Store,176.437
6167,DRK59,8.895,low fat,0.126287542,Hard Drinks,235.5616,OUT010,1998,,Tier 3,Grocery Store,468.7232
6266,FDO60,20.0,Low Fat,0.05752754400000001,Baking Goods,43.1086,OUT010,1998,,Tier 3,Grocery Store,89.2172
6268,FDZ59,6.63,reg,0.174110803,Baking Goods,166.85,OUT010,1998,,Tier 3,Grocery Store,499.35
6296,FDJ20,20.7,Regular,0.16767231,Fruits and Vegetables,124.2388,OUT010,1998,,Tier 3,Grocery Store,247.6776
6327,NCF54,18.0,Low Fat,0.07929947400000001,Household,170.5422,OUT010,1998,,Tier 3,Grocery Store,344.8844
6344,FDQ19,7.35,reg,0.024044278999999998,Fruits and Vegetables,241.0512,OUT010,1998,,Tier 3,Grocery Store,242.3512
6354,DRG03,14.5,Low Fat,0.103752817,Dairy,155.1998,OUT010,1998,,Tier 3,Grocery Store,307.5996
6356,FDC21,14.6,Regular,0.071904258,Fruits and Vegetables,106.8254,OUT010,1998,,Tier 3,Grocery Store,108.5254
6360,FDM34,19.0,Low Fat,0.112893408,Snack Foods,131.0626,OUT010,1998,,Tier 3,Grocery Store,524.6504
6367,NCX29,10.0,Low Fat,0.149223055,Health and Hygiene,145.8102,OUT010,1998,,Tier 3,Grocery Store,874.8612
6400,FDT43,16.35,Low Fat,0.034393057000000005,Fruits and Vegetables,50.8324,OUT010,1998,,Tier 3,Grocery Store,155.7972
6415,FDZ04,9.31,Low Fat,0.06352904599999999,Frozen Foods,63.751000000000005,OUT010,1998,,Tier 3,Grocery Store,126.50200000000001
6425,NCV05,10.1,Low Fat,0.050562853,Health and Hygiene,153.3656,OUT010,1998,,Tier 3,Grocery Store,463.3968
6437,FDW55,12.6,Regular,0.036773101,Fruits and Vegetables,250.3092,OUT010,1998,,Tier 3,Grocery Store,249.0092
6438,FDT11,5.94,Regular,0.049163320999999996,Breads,186.4556,OUT010,1998,,Tier 3,Grocery Store,563.2668
6461,FDS32,17.75,Regular,0.049634572,Fruits and Vegetables,140.2838,OUT010,1998,,Tier 3,Grocery Store,280.9676
6469,NCW06,16.2,Low Fat,0.08425957,Household,192.3162,OUT010,1998,,Tier 3,Grocery Store,769.6648
6489,FDX32,15.1,Regular,0.0,Fruits and Vegetables,146.2786,OUT010,1998,,Tier 3,Grocery Store,433.4358
6517,FDK38,6.65,Low Fat,0.089196394,Canned,147.0734,OUT010,1998,,Tier 3,Grocery Store,296.9468
6536,FDW07,18.0,Regular,0.238831875,Fruits and Vegetables,88.2514,OUT010,1998,,Tier 3,Grocery Store,88.5514
6573,FDN01,8.895,Low Fat,0.121180705,Breakfast,177.037,OUT010,1998,,Tier 3,Grocery Store,176.437
6576,NCC18,19.1,Low Fat,0.296713665,Household,171.8422,OUT010,1998,,Tier 3,Grocery Store,1034.6532
6579,FDP39,12.65,Low Fat,0.116203156,Meat,53.5324,OUT010,1998,,Tier 3,Grocery Store,415.4592
6584,FDE17,20.1,Regular,0.0,Frozen Foods,152.2366,OUT010,1998,,Tier 3,Grocery Store,151.1366
6587,FDW13,8.5,low fat,0.16383895099999998,Canned,51.3324,OUT010,1998,,Tier 3,Grocery Store,311.5944
6592,NCE43,12.5,Low Fat,0.17314115,Household,168.4448,OUT010,1998,,Tier 3,Grocery Store,170.4448
6627,DRI51,17.25,Low Fat,0.070703828,Dairy,170.3764,OUT010,1998,,Tier 3,Grocery Store,343.5528
6630,FDH48,13.5,Low Fat,0.101231721,Baking Goods,86.25399999999999,OUT010,1998,,Tier 3,Grocery Store,173.108
6631,NCB18,19.6,Low Fat,0.069112952,Household,90.1514,OUT010,1998,,Tier 3,Grocery Store,442.75699999999995
6636,NCC31,8.02,LF,0.033259081,Household,154.2972,OUT010,1998,,Tier 3,Grocery Store,1090.5804
6647,FDP27,8.155,Low Fat,0.199935881,Meat,188.453,OUT010,1998,,Tier 3,Grocery Store,379.506
6656,DRC27,13.8,Low Fat,0.097251621,Dairy,245.7802,OUT010,1998,,Tier 3,Grocery Store,245.6802
6658,DRH25,18.7,Low Fat,0.02442574,Soft Drinks,52.9324,OUT010,1998,,Tier 3,Grocery Store,51.9324
6670,FDS13,6.465,Low Fat,0.208397715,Canned,265.2884,OUT010,1998,,Tier 3,Grocery Store,264.9884
6674,FDS12,9.1,Low Fat,0.291438755,Baking Goods,126.8362,OUT010,1998,,Tier 3,Grocery Store,125.8362
6678,NCA18,10.1,Low Fat,0.09386236199999999,Household,115.9492,OUT010,1998,,Tier 3,Grocery Store,231.6984
6684,FDE33,19.35,Regular,0.083079826,Fruits and Vegetables,80.3644,OUT010,1998,,Tier 3,Grocery Store,157.1288
6685,FDJ58,15.6,Regular,0.17624403800000002,Snack Foods,173.6764,OUT010,1998,,Tier 3,Grocery Store,515.3292
6704,FDW28,18.25,LF,0.148673586,Frozen Foods,197.2452,OUT010,1998,,Tier 3,Grocery Store,195.7452
6715,NCC30,16.6,Low Fat,0.046161923,Household,176.6344,OUT010,1998,,Tier 3,Grocery Store,356.8688
6776,FDX12,18.2,Regular,0.043626605,Baking Goods,241.4196,OUT010,1998,,Tier 3,Grocery Store,482.0392
6798,FDF08,14.3,Regular,0.109144085,Fruits and Vegetables,88.2856,OUT010,1998,,Tier 3,Grocery Store,175.7712
6805,FDR21,19.7,Low Fat,0.112036236,Snack Foods,174.937,OUT010,1998,,Tier 3,Grocery Store,882.185
6833,NCF30,17.0,Low Fat,0.211306673,Household,125.1362,OUT010,1998,,Tier 3,Grocery Store,251.6724
6862,DRI25,19.6,Low Fat,0.056744064000000004,Soft Drinks,55.6614,OUT010,1998,,Tier 3,Grocery Store,165.7842
6882,FDM58,16.85,Regular,0.13338539800000002,Snack Foods,109.8544,OUT010,1998,,Tier 3,Grocery Store,223.7088
6909,FDC47,15.0,Low Fat,0.19899855,Snack Foods,226.5694,OUT010,1998,,Tier 3,Grocery Store,913.4776
6921,DRJ24,11.8,Low Fat,0.189689886,Soft Drinks,184.3924,OUT010,1998,,Tier 3,Grocery Store,370.1848
6948,NCN30,16.35,Low Fat,0.02844314,Household,98.141,OUT010,1998,,Tier 3,Grocery Store,386.164
6950,NCR42,9.105,Low Fat,0.064410783,Household,33.39,OUT010,1998,,Tier 3,Grocery Store,33.29
6966,FDL32,15.7,Regular,0.204984538,Fruits and Vegetables,111.0544,OUT010,1998,,Tier 3,Grocery Store,223.7088
6996,FDH27,7.075,Low Fat,0.097660814,Dairy,141.8128,OUT010,1998,,Tier 3,Grocery Store,143.8128
7005,DRE01,10.1,Low Fat,0.279783532,Soft Drinks,241.8512,OUT010,1998,,Tier 3,Grocery Store,484.7024
7018,FDI19,15.1,Low Fat,0.087604871,Meat,242.2512,OUT010,1998,,Tier 3,Grocery Store,484.7024
7032,FDS15,9.195,Regular,0.13065744199999998,Meat,106.4596,OUT010,1998,,Tier 3,Grocery Store,215.7192
7059,FDV01,19.2,Regular,0.142189843,Canned,153.8314,OUT010,1998,,Tier 3,Grocery Store,155.1314
7061,NCX54,9.195,low fat,0.080442371,Household,107.7622,OUT010,1998,,Tier 3,Grocery Store,105.8622
7086,NCX18,14.15,Low Fat,0.014719325,Household,196.91099999999997,OUT010,1998,,Tier 3,Grocery Store,392.82199999999995
7090,FDP25,15.2,Low Fat,0.035497039,Canned,216.7824,OUT010,1998,,Tier 3,Grocery Store,436.7648
7107,FDE28,9.5,Regular,0.221856492,Frozen Foods,231.8668,OUT010,1998,,Tier 3,Grocery Store,230.3668
7115,NCP29,8.42,Low Fat,0.187918654,Health and Hygiene,65.4168,OUT010,1998,,Tier 3,Grocery Store,127.8336
7133,FDA01,15.0,Regular,0.091018048,Canned,60.2904,OUT010,1998,,Tier 3,Grocery Store,117.1808
7148,FDZ08,12.5,Regular,0.0,Fruits and Vegetables,80.8592,OUT010,1998,,Tier 3,Grocery Store,82.5592
7168,FDR22,19.35,Regular,0.031069992999999997,Snack Foods,112.0544,OUT010,1998,,Tier 3,Grocery Store,223.7088
7206,FDT51,11.65,Regular,0.018275816,Meat,110.8544,OUT010,1998,,Tier 3,Grocery Store,111.8544
7215,FDV21,11.5,Low Fat,0.286357776,Snack Foods,123.9704,OUT010,1998,,Tier 3,Grocery Store,375.5112
7245,FDQ25,8.63,Regular,0.047329385,Canned,174.1422,OUT010,1998,,Tier 3,Grocery Store,517.3266
7250,FDT24,12.35,Regular,0.311090379,Baking Goods,79.2328,OUT010,1998,,Tier 3,Grocery Store,154.4656
7273,FDM44,12.5,Low Fat,0.051970788,Fruits and Vegetables,103.699,OUT010,1998,,Tier 3,Grocery Store,412.796
7282,FDB60,9.3,low fat,0.04774013,Baking Goods,195.0136,OUT010,1998,,Tier 3,Grocery Store,194.4136
7293,FDL38,13.8,Regular,0.024660202000000003,Canned,87.4172,OUT010,1998,,Tier 3,Grocery Store,178.4344
7305,FDH57,10.895,Low Fat,0.059834024000000006,Fruits and Vegetables,133.5284,OUT010,1998,,Tier 3,Grocery Store,263.6568
7309,FDZ21,17.6,Regular,0.065649353,Snack Foods,94.84100000000001,OUT010,1998,,Tier 3,Grocery Store,193.082
7332,FDF33,7.97,Low Fat,0.036045991,Seafood,107.5596,OUT010,1998,,Tier 3,Grocery Store,431.4384
7353,FDC59,16.7,reg,0.091437584,Starchy Foods,64.3168,OUT010,1998,,Tier 3,Grocery Store,127.8336
7362,NCN41,17.0,Low Fat,0.087387669,Health and Hygiene,125.073,OUT010,1998,,Tier 3,Grocery Store,369.519
7365,NCB30,14.6,Low Fat,0.043021542,Household,196.9084,OUT010,1998,,Tier 3,Grocery Store,595.2252
7383,NCM43,14.5,Low Fat,0.032597778,Others,163.621,OUT010,1998,,Tier 3,Grocery Store,815.605
7388,FDQ47,7.155,Regular,0.28150951399999996,Breads,33.8874,OUT010,1998,,Tier 3,Grocery Store,35.2874
7390,FDI21,5.59,Regular,0.094741514,Snack Foods,63.1168,OUT010,1998,,Tier 3,Grocery Store,191.7504
7391,FDS48,15.15,Low Fat,0.046496777,Baking Goods,149.6708,OUT010,1998,,Tier 3,Grocery Store,300.9416
7395,FDP38,10.1,Low Fat,0.053732324000000005,Canned,49.8008,OUT010,1998,,Tier 3,Grocery Store,303.6048
7396,NCF06,6.235,Low Fat,0.033807904,Household,258.9962,OUT010,1998,,Tier 3,Grocery Store,258.9962
7429,FDJ41,6.85,Low Fat,0.03830192,Frozen Foods,261.2594,OUT010,1998,,Tier 3,Grocery Store,1046.6376
7432,FDU47,12.8,Regular,0.190569038,Breads,138.7838,OUT010,1998,,Tier 3,Grocery Store,280.9676
7477,DRK35,8.365,Low Fat,0.12025630300000001,Hard Drinks,39.2506,OUT010,1998,,Tier 3,Grocery Store,75.9012
7501,FDC53,8.68,Low Fat,0.01478914,Frozen Foods,97.7384,OUT010,1998,,Tier 3,Grocery Store,98.5384
7549,FDK56,9.695,Low Fat,0.0,Fruits and Vegetables,186.7898,OUT010,1998,,Tier 3,Grocery Store,561.2694
7566,FDK22,9.8,Low Fat,0.043663452,Snack Foods,217.185,OUT010,1998,,Tier 3,Grocery Store,432.77
7568,DRK37,5.0,LF,0.0,Soft Drinks,190.453,OUT010,1998,,Tier 3,Grocery Store,379.506
7569,NCP05,19.6,Low Fat,0.042324556,Health and Hygiene,150.9024,OUT010,1998,,Tier 3,Grocery Store,303.6048
7594,FDK15,10.8,Low Fat,0.164724567,Meat,98.4042,OUT010,1998,,Tier 3,Grocery Store,99.2042
7599,DRN37,9.6,Low Fat,0.16118210300000002,Soft Drinks,165.3158,OUT010,1998,,Tier 3,Grocery Store,334.2316
7610,FDG46,8.63,Regular,0.055084019000000005,Snack Foods,114.7518,OUT010,1998,,Tier 3,Grocery Store,455.4072
7622,FDB40,17.5,Regular,0.012620221000000001,Dairy,144.8102,OUT010,1998,,Tier 3,Grocery Store,291.6204
7632,NCD55,14.0,Low Fat,0.040725405,Household,43.4454,OUT010,1998,,Tier 3,Grocery Store,41.9454
7639,NCK29,5.615,Low Fat,0.21051155800000002,Health and Hygiene,121.37299999999999,OUT010,1998,,Tier 3,Grocery Store,123.17299999999999
7682,FDS56,5.785,Regular,0.064871045,Fruits and Vegetables,262.1252,OUT010,1998,,Tier 3,Grocery Store,786.9756
7689,FDH14,17.1,Regular,0.078347922,Canned,141.8838,OUT010,1998,,Tier 3,Grocery Store,280.9676
7730,FDT36,12.3,Low Fat,0.186250852,Baking Goods,37.2874,OUT010,1998,,Tier 3,Grocery Store,176.437
7759,NCK30,14.85,Low Fat,0.102065622,Household,254.2698,OUT010,1998,,Tier 3,Grocery Store,1775.6886
7777,FDX03,15.85,Regular,0.102262138,Meat,47.1744,OUT010,1998,,Tier 3,Grocery Store,90.5488
7804,DRM47,9.3,Low Fat,0.073288275,Hard Drinks,189.1846,OUT010,1998,,Tier 3,Grocery Store,382.1692
7809,FDM08,10.1,Regular,0.089688978,Fruits and Vegetables,225.5088,OUT010,1998,,Tier 3,Grocery Store,1342.2528
7812,NCC54,17.75,LF,0.163548055,Health and Hygiene,239.3196,OUT010,1998,,Tier 3,Grocery Store,723.0588
7818,FDU14,17.75,Low Fat,0.058168807,Dairy,249.575,OUT010,1998,,Tier 3,Grocery Store,499.35
7828,FDD10,20.6,Regular,0.077029195,Snack Foods,177.2344,OUT010,1998,,Tier 3,Grocery Store,892.172
7835,FDG10,6.63,Regular,0.018310141999999998,Snack Foods,57.7588,OUT010,1998,,Tier 3,Grocery Store,57.2588
7858,FDT13,14.85,Low Fat,0.0,Canned,187.7214,OUT010,1998,,Tier 3,Grocery Store,188.4214
7859,NCP06,20.7,Low Fat,0.065689432,Household,149.7366,OUT010,1998,,Tier 3,Grocery Store,151.1366
7885,FDG53,10.0,Low Fat,0.07675510599999999,Frozen Foods,141.618,OUT010,1998,,Tier 3,Grocery Store,139.81799999999998
7889,FDA28,16.1,Regular,0.080010553,Frozen Foods,124.2362,OUT010,1998,,Tier 3,Grocery Store,377.5086
7898,FDL58,5.78,Regular,0.12411034900000001,Snack Foods,262.3568,OUT010,1998,,Tier 3,Grocery Store,790.9704
7906,FDF22,6.865,Low Fat,0.09512291,Snack Foods,212.3218,OUT010,1998,,Tier 3,Grocery Store,427.4436
7941,FDW09,13.65,Regular,0.043386130999999994,Snack Foods,80.2302,OUT010,1998,,Tier 3,Grocery Store,79.2302
7969,DRJ59,11.65,Low Fat,0.03242518,Hard Drinks,38.8164,OUT010,1998,,Tier 3,Grocery Store,77.2328
7980,FDW32,18.35,Regular,0.15783357,Fruits and Vegetables,87.5882,OUT010,1998,,Tier 3,Grocery Store,171.7764
8007,FDG47,12.8,Low Fat,0.116527666,Starchy Foods,261.4252,OUT010,1998,,Tier 3,Grocery Store,262.3252
8043,DRA12,11.6,Low Fat,0.068535039,Soft Drinks,143.0154,OUT010,1998,,Tier 3,Grocery Store,283.6308
8054,NCZ29,15.0,Low Fat,0.11946118800000001,Health and Hygiene,126.3362,OUT010,1998,,Tier 3,Grocery Store,503.3448
8058,FDW26,11.8,Regular,0.179191782,Dairy,224.2772,OUT010,1998,,Tier 3,Grocery Store,667.1316
8063,DRB25,12.3,Low Fat,0.116261335,Soft Drinks,107.0938,OUT010,1998,,Tier 3,Grocery Store,214.3876
8094,FDX01,10.1,Low Fat,0.040446145,Canned,118.115,OUT010,1998,,Tier 3,Grocery Store,116.515
8107,FDX16,17.85,Low Fat,0.110152524,Frozen Foods,150.205,OUT010,1998,,Tier 3,Grocery Store,149.805
8110,FDJ03,12.35,Regular,0.121174241,Dairy,47.8692,OUT010,1998,,Tier 3,Grocery Store,49.2692
8116,DRN35,8.01,Low Fat,0.117580062,Hard Drinks,36.6532,OUT010,1998,,Tier 3,Grocery Store,71.9064
8152,FDX23,6.445,Low Fat,0.049697923,Baking Goods,95.0436,OUT010,1998,,Tier 3,Grocery Store,94.5436
8204,FDL33,7.235,Low Fat,0.167316771,Snack Foods,197.5452,OUT010,1998,,Tier 3,Grocery Store,195.7452
8235,NCN14,19.1,Low Fat,0.15385153,Others,185.1608,OUT010,1998,,Tier 3,Grocery Store,551.2824
8237,FDY09,15.6,Low Fat,0.042179884,Snack Foods,174.7054,OUT010,1998,,Tier 3,Grocery Store,175.1054
8239,FDG40,13.65,Low Fat,0.066657791,Frozen Foods,32.6558,OUT010,1998,,Tier 3,Grocery Store,67.9116
8241,DRH59,10.8,LF,0.097805615,Hard Drinks,73.938,OUT010,1998,,Tier 3,Grocery Store,73.238
8261,FDI38,13.35,Regular,0.024482432999999998,Canned,205.7638,OUT010,1998,,Tier 3,Grocery Store,621.1914
8269,FDI60,7.22,Regular,0.06414186599999999,Baking Goods,61.251000000000005,OUT010,1998,,Tier 3,Grocery Store,126.50200000000001
8284,FDB49,8.3,Regular,0.05046718,Baking Goods,97.6384,OUT010,1998,,Tier 3,Grocery Store,197.0768
8291,FDU57,8.27,Regular,0.149895348,Snack Foods,152.0708,OUT010,1998,,Tier 3,Grocery Store,451.4124
8296,FDQ08,15.7,Regular,0.031685529,Fruits and Vegetables,63.1536,OUT010,1998,,Tier 3,Grocery Store,122.5072
8318,NCA42,6.965,Low Fat,0.047784475,Household,158.8604,OUT010,1998,,Tier 3,Grocery Store,316.9208
8336,FDO08,11.1,Regular,0.09000896300000001,Fruits and Vegetables,164.0526,OUT010,1998,,Tier 3,Grocery Store,164.4526
8365,FDA19,7.52,Low Fat,0.09227213199999999,Fruits and Vegetables,128.7994,OUT010,1998,,Tier 3,Grocery Store,128.4994
8371,DRA59,8.27,Regular,0.214125129,Soft Drinks,183.9924,OUT010,1998,,Tier 3,Grocery Store,185.0924
8399,DRL49,13.15,Low Fat,0.09445061800000001,Soft Drinks,141.4812,OUT010,1998,,Tier 3,Grocery Store,284.9624
8400,NCE07,8.18,Low Fat,0.02197698,Household,140.6154,OUT010,1998,,Tier 3,Grocery Store,425.4462
8432,FDI16,14.0,Regular,0.227260689,Frozen Foods,54.364,OUT010,1998,,Tier 3,Grocery Store,159.792
8473,DRI47,14.7,Low Fat,0.035016091,Hard Drinks,144.3128,OUT010,1998,,Tier 3,Grocery Store,431.4384
8486,FDR20,20.0,Regular,0.0,Fruits and Vegetables,46.4744,OUT010,1998,,Tier 3,Grocery Store,45.2744
8509,FDG45,8.1,Low Fat,0.214306131,Fruits and Vegetables,213.9902,OUT010,1998,,Tier 3,Grocery Store,424.7804
